"gene","log2FoldChange","pvalue","padj"
"GENE0001",0.548,0.6756,0.9595
"GENE0002",-0.226,0.3624,0.86
"GENE0003",0.145,0.3982,0.8819
"GENE0004",0.253,0.2449,0.7828
"GENE0005",0.162,0.1579,0.6394
"GENE0006",-0.042,0.5307,0.9371
"GENE0007",0.605,0.8007,0.9743
"GENE0008",-0.038,0.4428,0.9109
"GENE0009",0.807,0.7564,0.9687
"GENE0010",-0.025,0.6381,0.9527
"GENE0011",0.522,0.8963,0.9915
"GENE0012",0.915,0.383,0.8703
"GENE0013",-0.556,0.9522,0.9986
"GENE0014",-0.112,0.7107,0.9611
"GENE0015",-0.053,0.9295,0.9955
"GENE0016",0.254,0.3747,0.8681
"GENE0017",-0.114,0.785,0.9704
"GENE0018",-1.063,0.2191,0.7395
"GENE0019",-0.976,0.4855,0.9288
"GENE0020",0.528,0.6812,0.9595
"GENE0021",-0.123,0.4636,0.9191
"GENE0022",-0.713,0.9391,0.9964
"GENE0023",-0.069,0.3399,0.8486
"GENE0024",0.486,0.0003826,0.00368
"GENE0025",0.758,0.2174,0.7395
"GENE0026",-0.172,0.03607,0.2478
"GENE0027",-0.103,0.3482,0.8546
"GENE0028",-0.705,0.09795,0.518
"GENE0029",0.184,0.7303,0.9611
"GENE0030",-0.256,0.7358,0.9611
"GENE0031",0.182,0.6498,0.9543
"GENE0032",0.282,0.8857,0.9915
"GENE0033",0.414,0.114,0.5643
"GENE0034",-0.244,0.2699,0.7987
"GENE0035",0.202,0.8845,0.9915
"GENE0036",-0.687,0.9715,0.9986
"GENE0037",-0.314,0.9017,0.9915
"GENE0038",-0.34,0.6962,0.9611
"GENE0039",-0.966,0.931,0.9956
"GENE0040",0.014,0.7481,0.9663
"GENE0041",0.082,0.1106,0.5569
"GENE0042",-0.144,0.5384,0.9412
"GENE0043",0.303,0.3397,0.8486
"GENE0044",-0.291,0.7251,0.9611
"GENE0045",-0.547,0.3411,0.8491
"GENE0046",0.173,0.7507,0.9667
"GENE0047",-0.325,0.3259,0.8396
"GENE0048",0.578,0.288,0.8114
"GENE0049",-0.173,0.2861,0.8113
"GENE0050",0.262,0.2055,0.7269
"GENE0051",0.129,0.2877,0.8114
"GENE0052",-0.314,0.2654,0.7987
"GENE0053",0.63,0.1659,0.6481
"GENE0054",0.257,0.1644,0.6468
"GENE0055",0.036,0.2868,0.8113
"GENE0056",0.111,0.5118,0.933
"GENE0057",0.272,0.3699,0.8653
"GENE0058",0.036,0.9415,0.9968
"GENE0059",-1.197,0.5768,0.9471
"GENE0060",0.114,0.5371,0.941
"GENE0061",-0.147,0.7276,0.9611
"GENE0062",0.074,0.3169,0.8391
"GENE0063",0.233,0.8309,0.9766
"GENE0064",0.56,0.6612,0.9564
"GENE0065",-0.291,0.2116,0.7357
"GENE0066",0.521,0.3481,0.8546
"GENE0067",0.134,0.517,0.933
"GENE0068",0.415,0.9061,0.9915
"GENE0069",0.368,0.9902,0.9986
"GENE0070",0.288,0.2922,0.8132
"GENE0071",-0.417,0.3221,0.8396
"GENE0072",-0.036,0.6291,0.9514
"GENE0073",0.249,0.7705,0.9704
"GENE0074",-0.381,0.2292,0.7505
"GENE0075",-0.217,0.2425,0.7787
"GENE0076",0.232,0.1308,0.6037
"GENE0077",0.307,0.8566,0.9847
"GENE0078",0.186,0.1001,0.524
"GENE0079",-0.354,0.7073,0.9611
"GENE0080",-0.44,0.5444,0.9412
"GENE0081",0.605,0.1793,0.6712
"GENE0082",0.103,0.1941,0.7054
"GENE0083",0.035,0.8474,0.9824
"GENE0084",-0.048,0.6736,0.9595
"GENE0085",-0.478,0.8699,0.9912
"GENE0086",0.245,0.6258,0.9514
"GENE0087",-0.087,0.8113,0.9753
"GENE0088",-0.073,0.9342,0.9956
"GENE0089",0.373,0.002819,0.02509
"GENE0090",0.329,0.4743,0.9213
"GENE0091",0.557,0.5572,0.9413
"GENE0092",-0.19,0.2178,0.7395
"GENE0093",0.26,0.9357,0.9956
"GENE0094",0.556,0.9778,0.9986
"GENE0095",-0.444,0.432,0.9078
"GENE0096",-0.344,0.8079,0.9753
"GENE0097",-0.453,0.2552,0.7962
"GENE0098",-0.584,0.5889,0.9471
"GENE0099",0.032,0.4387,0.9109
"GENE0100",0.261,0.1877,0.6945
"GENE0101",0.48,0.008585,0.07256
"GENE0102",0.418,0.3814,0.8703
"GENE0103",-0.401,0.1275,0.5921
"GENE0104",0.739,0.9609,0.9986
"GENE0105",-0.267,0.4652,0.9201
"GENE0106",0.042,0.2334,0.7603
"GENE0107",-0.169,0.7982,0.9737
"GENE0108",-0.049,0.6704,0.9581
"GENE0109",0.075,0.584,0.9471
"GENE0110",0.048,0.6671,0.9571
"GENE0111",-0.01,0.7394,0.9623
"GENE0112",0.043,0.6711,0.9581
"GENE0113",-0.194,0.151,0.6304
"GENE0114",-0.202,0.6063,0.9495
"GENE0115",-0.664,0.9313,0.9956
"GENE0116",-0.153,0.3812,0.8703
"GENE0117",-0.205,0.8831,0.9915
"GENE0118",1.081,0.7,0.9611
"GENE0119",-0.545,0.7315,0.9611
"GENE0120",0.055,0.2816,0.8091
"GENE0121",-0.597,0.4313,0.9078
"GENE0122",-0.588,0.7262,0.9611
"GENE0123",0.05,0.8055,0.9753
"GENE0124",-0.399,0.435,0.9078
"GENE0125",-0.001,0.2676,0.7987
"GENE0126",-0.171,0.7837,0.9704
"GENE0127",-0.245,0.1899,0.6962
"GENE0128",-0.81,0.1651,0.6468
"GENE0129",-0.49,0.01292,0.1052
"GENE0130",0.072,0.374,0.8678
"GENE0131",0.227,0.5766,0.9471
"GENE0132",-0.197,0.8033,0.9745
"GENE0133",0,0.01037,0.08621
"GENE0134",0.449,0.8802,0.9915
"GENE0135",0.576,0.4903,0.9288
"GENE0136",-0.439,0.5983,0.9471
"GENE0137",-0.047,0.6705,0.9581
"GENE0138",0.481,0.4174,0.8977
"GENE0139",-0.188,0.7851,0.9704
"GENE0140",-0.021,0.7363,0.9611
"GENE0141",-0.034,0.8466,0.9824
"GENE0142",-0.355,0.6615,0.9564
"GENE0143",-0.178,0.7308,0.9611
"GENE0144",-0.012,0.8965,0.9915
"GENE0145",-0.166,0.195,0.7072
"GENE0146",0.445,0.9822,0.9986
"GENE0147",-0.192,0.8135,0.9753
"GENE0148",-0.173,0.5812,0.9471
"GENE0149",0.279,0.5252,0.9356
"GENE0150",-0.423,0.9256,0.9936
"GENE0151",-0.016,0.03111,0.2229
"GENE0152",-0.621,0.7233,0.9611
"GENE0153",0.467,0.455,0.914
"GENE0154",-0.109,0.7567,0.9687
"GENE0155",-0.187,0.03726,0.2543
"GENE0156",-0.495,0.6934,0.9611
"GENE0157",-0.003,0.1461,0.6239
"GENE0158",-0.32,0.2484,0.7848
"GENE0159",-0.213,0.2678,0.7987
"GENE0160",0.515,0.5871,0.9471
"GENE0161",-0.07,0.2786,0.8072
"GENE0162",-0.429,0.2454,0.783
"GENE0163",0.065,0.823,0.9766
"GENE0164",-0.145,0.7566,0.9687
"GENE0165",0.236,0.4739,0.9213
"GENE0166",0.573,0.1366,0.6054
"GENE0167",-0.397,0.1744,0.662
"GENE0168",0.182,0.9158,0.9925
"GENE0169",0.034,0.2631,0.7987
"GENE0170",0.358,0.8839,0.9915
"GENE0171",-0.092,0.2826,0.8093
"GENE0172",0.335,0.8942,0.9915
"GENE0173",-0.698,0.5746,0.9471
"GENE0174",0.676,0.6791,0.9595
"GENE0175",0.346,0.7053,0.9611
"GENE0176",-0.06,0.2639,0.7987
"GENE0177",-0.58,0.3369,0.8474
"GENE0178",0.257,0.3605,0.8598
"GENE0179",0.193,0.3671,0.8643
"GENE0180",-0.003,0.3437,0.8508
"GENE0181",0.061,0.6978,0.9611
"GENE0182",-0.234,0.1115,0.5577
"GENE0183",0.148,0.1923,0.7012
"GENE0184",0.118,0.08141,0.4568
"GENE0185",-0.112,0.4362,0.9093
"GENE0186",-0.534,0.9199,0.9925
"GENE0187",0.28,0.4433,0.9109
"GENE0188",0.222,0.2702,0.7987
"GENE0189",-0.335,0.2221,0.7452
"GENE0190",-0.638,0.7916,0.972
"GENE0191",0.082,0.2547,0.7962
"GENE0192",-0.138,0.05806,0.3587
"GENE0193",0.101,0.3793,0.869
"GENE0194",-0.518,0.9065,0.9915
"GENE0195",-0.384,0.1889,0.6955
"GENE0196",0.434,0.3518,0.8546
"GENE0197",0.162,0.462,0.9191
"GENE0198",0.235,0.9564,0.9986
"GENE0199",0.726,0.101,0.5257
"GENE0200",0.052,0.03576,0.2465
"GENE0201",-0.8,0.6464,0.9533
"GENE0202",0.134,0.0653,0.3938
"GENE0203",0.469,0.3195,0.8391
"GENE0204",0.824,0.2622,0.7987
"GENE0205",-0.551,0.7878,0.9706
"GENE0206",-0.46,0.1389,0.6105
"GENE0207",-0.282,0.6651,0.9564
"GENE0208",-0.422,0.9076,0.9915
"GENE0209",-0.258,0.3043,0.8256
"GENE0210",-0.074,0.7235,0.9611
"GENE0211",-0.48,0.3641,0.8613
"GENE0212",0.815,0.4326,0.9078
"GENE0213",0.043,0.7289,0.9611
"GENE0214",-0.034,0.2628,0.7987
"GENE0215",0.198,0.769,0.9704
"GENE0216",0.015,0.5102,0.933
"GENE0217",-0.053,0.6832,0.9598
"GENE0218",0.591,0.4446,0.9109
"GENE0219",-0.087,0.6287,0.9514
"GENE0220",-0.513,0.6601,0.9564
"GENE0221",0.154,0.03743,0.2546
"GENE0222",-0.141,0.782,0.9704
"GENE0223",-0.209,0.5475,0.9412
"GENE0224",-0.427,0.4368,0.9095
"GENE0225",0.171,0.07805,0.449
"GENE0226",-0.07,0.8345,0.9792
"GENE0227",0.206,0.5303,0.9371
"GENE0228",-0.094,0.9449,0.9975
"GENE0229",-0.263,0.2544,0.7962
"GENE0230",0.5,0.7595,0.9691
"GENE0231",-0.109,0.458,0.9151
"GENE0232",0.379,0.8946,0.9915
"GENE0233",-0.481,0.119,0.5764
"GENE0234",-0.186,0.7487,0.9663
"GENE0235",-0.108,0.4347,0.9078
"GENE0236",-0.156,0.8311,0.9766
"GENE0237",0.539,0.9357,0.9956
"GENE0238",-0.009,0.2676,0.7987
"GENE0239",0.098,0.966,0.9986
"GENE0240",-0.377,0.677,0.9595
"GENE0241",-0.292,0.006412,0.05559
"GENE0242",0.399,0.7039,0.9611
"GENE0243",0.503,0.04903,0.3124
"GENE0244",0.5,0.07403,0.4372
"GENE0245",-0.552,0.07768,0.449
"GENE0246",0.82,0.9727,0.9986
"GENE0247",0.407,0.1009,0.5257
"GENE0248",-0.011,0.413,0.8922
"GENE0249",0.281,0.9812,0.9986
"GENE0250",-0.389,0.02747,0.2032
"GENE0251",-0.438,0.8451,0.9824
"GENE0252",0.02,0.6437,0.9533
"GENE0253",-0.479,0.4564,0.9145
"GENE0254",0.076,0.8499,0.9828
"GENE0255",0.519,0.8368,0.9792
"GENE0256",-0.414,0.4698,0.9209
"GENE0257",-0.295,0.9881,0.9986
"GENE0258",0.019,0.5462,0.9412
"GENE0259",-0.407,0.738,0.9611
"GENE0260",-0.153,0.8579,0.9847
"GENE0261",0.349,0.9621,0.9986
"GENE0262",0.388,0.4949,0.9288
"GENE0263",0.154,0.1256,0.5886
"GENE0264",-0.741,0.243,0.7791
"GENE0265",-0.022,0.1402,0.6144
"GENE0266",0.426,0.5155,0.933
"GENE0267",0.325,0.8572,0.9847
"GENE0268",-0.076,0.9052,0.9915
"GENE0269",-1.08,0.8137,0.9753
"GENE0270",0.024,0.5947,0.9471
"GENE0271",0.23,0.8079,0.9753
"GENE0272",0.018,0.7196,0.9611
"GENE0273",0.063,0.6864,0.9611
"GENE0274",0.173,0.9931,0.9986
"GENE0275",-0.159,0.3188,0.8391
"GENE0276",0.524,0.3771,0.869
"GENE0277",0.188,0.8288,0.9766
"GENE0278",-0.497,0.2234,0.7461
"GENE0279",0.553,0.9677,0.9986
"GENE0280",0.482,0.8917,0.9915
"GENE0281",0.33,0.8926,0.9915
"GENE0282",-0.665,0.09928,0.5209
"GENE0283",-0.228,0.08367,0.4669
"GENE0284",0.254,0.9469,0.9977
"GENE0285",0.017,0.6825,0.9598
"GENE0286",0.139,0.2806,0.8074
"GENE0287",0.984,0.5049,0.9319
"GENE0288",-0.327,0.5052,0.9319
"GENE0289",-0.845,0.5347,0.94
"GENE0290",0.109,0.9835,0.9986
"GENE0291",-0.275,0.4276,0.9074
"GENE0292",0.178,0.2922,0.8132
"GENE0293",-0.325,0.1028,0.5312
"GENE0294",0.885,0.415,0.8954
"GENE0295",-0.049,0.6298,0.9514
"GENE0296",-0.191,0.04226,0.279
"GENE0297",-0.067,0.9118,0.9925
"GENE0298",0.345,0.08059,0.4547
"GENE0299",0.039,0.9491,0.9981
"GENE0300",-0.65,0.151,0.6304
"GENE0301",-0.002,0.6844,0.9607
"GENE0302",0.304,0.7196,0.9611
"GENE0303",0.016,0.2308,0.7543
"GENE0304",0.294,0.09597,0.5115
"GENE0305",-0.059,0.2799,0.8074
"GENE0306",-0.023,0.5335,0.94
"GENE0307",0.193,0.2705,0.7987
"GENE0308",0.397,0.5791,0.9471
"GENE0309",-0.499,0.7269,0.9611
"GENE0310",-0.013,0.4041,0.8847
"GENE0311",-0.028,0.4068,0.8847
"GENE0312",-0.304,0.7818,0.9704
"GENE0313",-0.414,0.9982,0.9996
"GENE0314",-0.252,0.6444,0.9533
"GENE0315",0.235,0.3942,0.879
"GENE0316",-0.167,0.4842,0.9288
"GENE0317",-0.314,0.5589,0.9413
"GENE0318",0.065,0.5587,0.9413
"GENE0319",-0.495,0.4181,0.8977
"GENE0320",0.418,0.105,0.5399
"GENE0321",-0.194,0.2603,0.7987
"GENE0322",0.076,0.9514,0.9986
"GENE0323",0.02,0.8017,0.9743
"GENE0324",0,0.6184,0.95
"GENE0325",0.724,0.2989,0.8181
"GENE0326",-0.33,0.5122,0.933
"GENE0327",0.458,0.5009,0.9301
"GENE0328",0.013,0.3703,0.8653
"GENE0329",-0.334,0.389,0.8741
"GENE0330",-0.028,0.259,0.7987
"GENE0331",0.299,0.002339,0.02099
"GENE0332",-0.17,0.8728,0.9915
"GENE0333",-0.309,0.7425,0.9651
"GENE0334",0.061,0.5629,0.9416
"GENE0335",0.395,0.5627,0.9416
"GENE0336",-0.029,0.1234,0.5826
"GENE0337",-0.555,0.1967,0.7121
"GENE0338",-0.523,0.805,0.9753
"GENE0339",-0.307,0.9136,0.9925
"GENE0340",-0.211,0.7821,0.9704
"GENE0341",-0.009,0.1033,0.5324
"GENE0342",0.268,0.4278,0.9074
"GENE0343",-0.174,0.03771,0.2553
"GENE0344",-0.446,0.2376,0.7676
"GENE0345",0.243,0.2461,0.784
"GENE0346",0.11,0.1669,0.6485
"GENE0347",0.463,0.1181,0.5764
"GENE0348",-0.673,0.6813,0.9595
"GENE0349",0.035,0.7851,0.9704
"GENE0350",0.541,0.5813,0.9471
"GENE0351",0.29,0.5343,0.94
"GENE0352",-0.333,0.1541,0.6341
"GENE0353",0.293,0.3557,0.8565
"GENE0354",-0.349,0.547,0.9412
"GENE0355",-0.181,0.5037,0.9319
"GENE0356",0.475,0.6915,0.9611
"GENE0357",-0.116,0.1708,0.6546
"GENE0358",0.331,0.5599,0.9413
"GENE0359",-0.116,0.5721,0.9471
"GENE0360",-0.631,0.9221,0.9925
"GENE0361",-0.34,0.5755,0.9471
"GENE0362",-0.435,0.9705,0.9986
"GENE0363",-0.194,0.4714,0.9209
"GENE0364",-0.135,0.7879,0.9706
"GENE0365",-0.061,0.4989,0.9288
"GENE0366",-0.097,0.03162,0.2257
"GENE0367",0.757,0.1339,0.6039
"GENE0368",-0.554,0.8765,0.9915
"GENE0369",-0.166,0.8252,0.9766
"GENE0370",0.14,0.2134,0.7366
"GENE0371",0.651,0.06866,0.4128
"GENE0372",0.035,0.05036,0.3199
"GENE0373",0.496,0.9871,0.9986
"GENE0374",-0.658,0.6346,0.9514
"GENE0375",0.579,0.9478,0.9977
"GENE0376",-0.276,0.5811,0.9471
"GENE0377",-0.111,0.6984,0.9611
"GENE0378",-0.444,0.4934,0.9288
"GENE0379",0.054,0.08818,0.4846
"GENE0380",0.714,0.2785,0.8072
"GENE0381",0.969,0.665,0.9564
"GENE0382",-0.431,0.765,0.9704
"GENE0383",0.194,0.04814,0.3077
"GENE0384",0.555,0.6307,0.9514
"GENE0385",-0.078,0.3936,0.879
"GENE0386",-0.087,0.1505,0.6304
"GENE0387",-0.122,0.7855,0.9704
"GENE0388",0.239,0.08657,0.4804
"GENE0389",0.559,0.7997,0.9737
"GENE0390",0.275,0.07554,0.4423
"GENE0391",0.128,0.5132,0.933
"GENE0392",-0.121,0.4687,0.9209
"GENE0393",0.199,0.4059,0.8847
"GENE0394",-0.22,0.7305,0.9611
"GENE0395",-0.112,0.6039,0.9495
"GENE0396",0.439,0.8713,0.9915
"GENE0397",0.177,0.05572,0.3463
"GENE0398",0.096,0.8705,0.9912
"GENE0399",-0.102,0.3534,0.8546
"GENE0400",0.372,0.5778,0.9471
"GENE0401",0.534,0.965,0.9986
"GENE0402",-0.348,0.4403,0.9109
"GENE0403",0.022,0.0411,0.2731
"GENE0404",0.02,0.6916,0.9611
"GENE0405",-0.231,0.9484,0.9977
"GENE0406",-0.399,0.5893,0.9471
"GENE0407",-0.001,0.7013,0.9611
"GENE0408",0.262,0.4628,0.9191
"GENE0409",0.591,0.3593,0.859
"GENE0410",-0.764,0.6098,0.9495
"GENE0411",-0.281,0.9874,0.9986
"GENE0412",-0.125,0.3224,0.8396
"GENE0413",-0.665,0.484,0.9288
"GENE0414",-0.3,0.999,0.9997
"GENE0415",-0.311,0.9709,0.9986
"GENE0416",-0.289,0.004361,0.0383
"GENE0417",-0.876,0.5099,0.933
"GENE0418",0.085,0.9336,0.9956
"GENE0419",-0.253,0.71,0.9611
"GENE0420",0.608,0.9942,0.9987
"GENE0421",0.318,0.2829,0.8093
"GENE0422",-0.581,0.5094,0.933
"GENE0423",0.039,0.1766,0.6669
"GENE0424",-0.238,0.837,0.9792
"GENE0425",0.355,0.02273,0.1765
"GENE0426",0.021,0.3537,0.8546
"GENE0427",-0.223,0.2669,0.7987
"GENE0428",0.175,0.8742,0.9915
"GENE0429",0.061,0.7664,0.9704
"GENE0430",-0.066,0.8533,0.984
"GENE0431",0.808,0.1352,0.6039
"GENE0432",-0.212,0.1486,0.6281
"GENE0433",-0.188,0.1231,0.5825
"GENE0434",-0.618,0.09258,0.4966
"GENE0435",-0.016,0.3304,0.8453
"GENE0436",0.356,0.675,0.9595
"GENE0437",-0.829,0.5632,0.9416
"GENE0438",-0.1,0.143,0.62
"GENE0439",-0.473,0.3104,0.835
"GENE0440",0.577,0.9192,0.9925
"GENE0441",0.543,0.8873,0.9915
"GENE0442",0.134,0.7011,0.9611
"GENE0443",0.572,0.6151,0.95
"GENE0444",-0.347,0.7173,0.9611
"GENE0445",0.38,0.4856,0.9288
"GENE0446",-0.234,0.6259,0.9514
"GENE0447",0.128,0.1351,0.6039
"GENE0448",-0.12,0.6562,0.9559
"GENE0449",-0.111,0.1747,0.6622
"GENE0450",0.218,0.8918,0.9915
"GENE0451",-0.522,0.6775,0.9595
"GENE0452",-0.1,0.5408,0.9412
"GENE0453",0.068,0.3698,0.8653
"GENE0454",-0.161,0.6682,0.958
"GENE0455",0.042,0.8657,0.9891
"GENE0456",-0.128,0.5595,0.9413
"GENE0457",0.647,0.05116,0.323
"GENE0458",0.286,0.8377,0.9792
"GENE0459",1.186,0.6313,0.9514
"GENE0460",-0.318,0.2965,0.8177
"GENE0461",0.326,0.2999,0.8198
"GENE0462",0.839,0.07423,0.4372
"GENE0463",0.12,0.9283,0.9948
"GENE0464",-0.433,0.4011,0.8847
"GENE0465",-0.403,0.6654,0.9564
"GENE0466",-0.014,0.02497,0.1868
"GENE0467",0.524,0.1527,0.6307
"GENE0468",0.3,0.148,0.6281
"GENE0469",-0.855,0.09543,0.51
"GENE0470",-0.28,0.4944,0.9288
"GENE0471",-0.004,0.5908,0.9471
"GENE0472",-0.583,0.1499,0.6294
"GENE0473",0.278,0.3794,0.869
"GENE0474",-0.985,0.7887,0.9706
"GENE0475",0.057,0.4666,0.9204
"GENE0476",-0.156,0.4793,0.9257
"GENE0477",-0.196,0.4342,0.9078
"GENE0478",-0.113,0.1667,0.6485
"GENE0479",0.126,0.7438,0.966
"GENE0480",0.159,0.8137,0.9753
"GENE0481",-0.09,0.1412,0.6175
"GENE0482",-0.77,0.3532,0.8546
"GENE0483",-0.576,0.9997,0.9997
"GENE0484",-0.588,0.7273,0.9611
"GENE0485",0.305,0.6157,0.95
"GENE0486",-0.097,0.5506,0.9413
"GENE0487",0.108,0.2959,0.8177
"GENE0488",-0.624,0.4531,0.914
"GENE0489",-0.214,0.4424,0.9109
"GENE0490",0.225,0.1562,0.6355
"GENE0491",-0.071,0.7061,0.9611
"GENE0492",-0.046,0.004152,0.03663
"GENE0493",-0.029,0.737,0.9611
"GENE0494",0.484,0.02367,0.1806
"GENE0495",-0.246,0.03796,0.2556
"GENE0496",0.27,0.06201,0.3796
"GENE0497",0.359,0.01941,0.1525
"GENE0498",-0.476,0.226,0.7461
"GENE0499",0.049,0.4642,0.9193
"GENE0500",-0.004,0.8717,0.9915
"GENE0501",0.412,0.7986,0.9737
"GENE0502",0.366,0.2709,0.7988
"GENE0503",-0.001,0.566,0.9426
"GENE0504",0.054,0.02937,0.2142
"GENE0505",-0.288,0.8474,0.9824
"GENE0506",-0.079,0.174,0.662
"GENE0507",-0.412,0.6566,0.9559
"GENE0508",-0.387,0.6413,0.9533
"GENE0509",-0.488,0.6597,0.9564
"GENE0510",0.334,0.6171,0.95
"GENE0511",0.446,0.9535,0.9986
"GENE0512",-0.165,0.1727,0.6594
"GENE0513",-0.452,0.1441,0.6219
"GENE0514",-0.035,0.2866,0.8113
"GENE0515",0.897,0.2144,0.7366
"GENE0516",0.817,0.5444,0.9412
"GENE0517",-0.688,0.6512,0.9548
"GENE0518",-0.143,0.2851,0.8111
"GENE0519",0.613,0.6003,0.9471
"GENE0520",-0.015,0.5262,0.9356
"GENE0521",0.639,0.01437,0.1147
"GENE0522",-0.133,0.8126,0.9753
"GENE0523",0.242,0.7046,0.9611
"GENE0524",0.09,0.6212,0.9514
"GENE0525",1.292,0.09855,0.5197
"GENE0526",0.368,0.6734,0.9595
"GENE0527",-0.483,0.1102,0.5566
"GENE0528",-0.242,0.7585,0.9691
"GENE0529",0.148,0.9579,0.9986
"GENE0530",-0.76,0.1628,0.6455
"GENE0531",-0.722,0.877,0.9915
"GENE0532",-0.449,0.3248,0.8396
"GENE0533",-0.139,0.2272,0.7461
"GENE0534",0.496,0.6215,0.9514
"GENE0535",-0.11,0.9522,0.9986
"GENE0536",0.065,0.04412,0.2885
"GENE0537",-0.026,0.2982,0.8177
"GENE0538",-0.282,0.139,0.6105
"GENE0539",0.545,0.8482,0.9824
"GENE0540",-0.439,0.4346,0.9078
"GENE0541",-0.091,0.9157,0.9925
"GENE0542",-0.139,0.1588,0.6417
"GENE0543",0.213,0.9084,0.9915
"GENE0544",0.643,0.9021,0.9915
"GENE0545",0.206,0.8952,0.9915
"GENE0546",0.553,0.9198,0.9925
"GENE0547",0.305,0.3869,0.874
"GENE0548",-0.25,0.3009,0.8213
"GENE0549",0.033,0.2923,0.8132
"GENE0550",0.55,0.6621,0.9564
"GENE0551",-0.625,0.8951,0.9915
"GENE0552",0.13,0.1692,0.6528
"GENE0553",-0.063,0.4714,0.9209
"GENE0554",0.351,0.321,0.8396
"GENE0555",0.3,0.2475,0.7848
"GENE0556",0.12,0.3349,0.8474
"GENE0557",0.597,0.1527,0.6307
"GENE0558",-0.61,0.7803,0.9704
"GENE0559",0.364,0.9035,0.9915
"GENE0560",-0.632,0.5287,0.9371
"GENE0561",0.235,0.7758,0.9704
"GENE0562",0.036,0.5883,0.9471
"GENE0563",0.387,0.9305,0.9956
"GENE0564",0.032,0.1892,0.6955
"GENE0565",-0.627,0.2678,0.7987
"GENE0566",-0.803,0.5522,0.9413
"GENE0567",0.216,0.6024,0.9493
"GENE0568",-0.029,0.6094,0.9495
"GENE0569",-0.228,0.1386,0.6105
"GENE0570",-0.124,0.8105,0.9753
"GENE0571",-0.269,0.5344,0.94
"GENE0572",-0.063,0.3045,0.8256
"GENE0573",-0.373,0.1987,0.7149
"GENE0574",-0.793,0.557,0.9413
"GENE0575",-0.088,0.6513,0.9548
"GENE0576",0.418,0.629,0.9514
"GENE0577",0.751,0.485,0.9288
"GENE0578",0.001,0.1494,0.6287
"GENE0579",-0.032,0.9259,0.9936
"GENE0580",0.385,0.08902,0.486
"GENE0581",0.021,0.6245,0.9514
"GENE0582",-0.174,0.7675,0.9704
"GENE0583",-0.695,0.3431,0.8504
"GENE0584",-0.505,0.8079,0.9753
"GENE0585",0.163,0.04091,0.2727
"GENE0586",-0.584,0.6284,0.9514
"GENE0587",0.419,0.3253,0.8396
"GENE0588",-0.539,0.8176,0.9762
"GENE0589",-0.077,0.2789,0.8072
"GENE0590",-0.001,0.8287,0.9766
"GENE0591",-0.005,0.8745,0.9915
"GENE0592",0.061,0.89,0.9915
"GENE0593",0.239,0.6763,0.9595
"GENE0594",-0.05,0.5344,0.94
"GENE0595",-0.099,0.2783,0.8072
"GENE0596",0.064,0.7881,0.9706
"GENE0597",-0.173,0.5901,0.9471
"GENE0598",0.615,0.2181,0.7395
"GENE0599",-0.868,0.5534,0.9413
"GENE0600",0.411,0.2074,0.7312
"GENE0601",-0.099,0.629,0.9514
"GENE0602",0.169,0.9659,0.9986
"GENE0603",0.395,0.383,0.8703
"GENE0604",0.334,0.5218,0.9346
"GENE0605",-0.264,0.882,0.9915
"GENE0606",0.626,0.1335,0.6039
"GENE0607",-0.649,0.9048,0.9915
"GENE0608",0.346,0.4434,0.9109
"GENE0609",-0.205,0.1209,0.5787
"GENE0610",-0.767,0.2973,0.8177
"GENE0611",-0.746,0.8404,0.9818
"GENE0612",0.098,0.02958,0.2149
"GENE0613",0.889,0.2275,0.7461
"GENE0614",0.109,0.466,0.9201
"GENE0615",0.452,0.5878,0.9471
"GENE0616",0.335,0.7453,0.966
"GENE0617",-0.262,0.8416,0.9821
"GENE0618",0.382,0.8208,0.9766
"GENE0619",0.141,0.6894,0.9611
"GENE0620",0.083,0.5301,0.9371
"GENE0621",0.4,0.4966,0.9288
"GENE0622",0.299,0.9688,0.9986
"GENE0623",-0.251,0.5383,0.9412
"GENE0624",0.158,0.6328,0.9514
"GENE0625",-0.357,0.9878,0.9986
"GENE0626",0.252,0.007447,0.06401
"GENE0627",-0.173,0.9246,0.9936
"GENE0628",0.181,0.9347,0.9956
"GENE0629",0.147,0.5042,0.9319
"GENE0630",-0.108,0.2046,0.7269
"GENE0631",0.186,0.3742,0.8678
"GENE0632",0.23,0.3503,0.8546
"GENE0633",-0.092,0.9672,0.9986
"GENE0634",0.469,0.52,0.933
"GENE0635",0.557,0.5358,0.9404
"GENE0636",-0.265,0.227,0.7461
"GENE0637",-0.311,0.6564,0.9559
"GENE0638",0.205,0.2629,0.7987
"GENE0639",-0.365,0.9048,0.9915
"GENE0640",-0.18,0.6529,0.9559
"GENE0641",0.321,0.2699,0.7987
"GENE0642",-0.229,0.01052,0.08711
"GENE0643",-0.771,0.3316,0.8458
"GENE0644",0.266,0.5513,0.9413
"GENE0645",-0.641,0.3512,0.8546
"GENE0646",-0.542,0.6833,0.9598
"GENE0647",-1.207,0.568,0.9444
"GENE0648",0.332,0.5484,0.9412
"GENE0649",0.1,0.007834,0.06705
"GENE0650",0.185,0.7925,0.972
"GENE0651",0.338,0.3379,0.8474
"GENE0652",-0.017,0.7848,0.9704
"GENE0653",-0.442,0.7603,0.9691
"GENE0654",0.226,0.7644,0.9704
"GENE0655",0.521,0.6224,0.9514
"GENE0656",-0.6,0.9451,0.9975
"GENE0657",-0.243,0.6371,0.9525
"GENE0658",-0.117,0.3043,0.8256
"GENE0659",-0.516,0.05627,0.3487
"GENE0660",0.278,0.6002,0.9471
"GENE0661",-0.24,0.5857,0.9471
"GENE0662",0.503,0.4291,0.9078
"GENE0663",0.021,0.4543,0.914
"GENE0664",0.291,0.7524,0.9675
"GENE0665",0.624,0.5081,0.933
"GENE0666",0.106,0.3093,0.8341
"GENE0667",0.431,0.814,0.9753
"GENE0668",0.084,0.2617,0.7987
"GENE0669",-0.605,0.9262,0.9936
"GENE0670",0.009,0.6434,0.9533
"GENE0671",0.287,0.4005,0.8847
"GENE0672",0.196,0.4302,0.9078
"GENE0673",-0.07,0.2751,0.8028
"GENE0674",-0.487,0.2326,0.759
"GENE0675",0.259,0.4022,0.8847
"GENE0676",-0.367,0.5009,0.9301
"GENE0677",-0.501,0.7806,0.9704
"GENE0678",0.238,0.6983,0.9611
"GENE0679",-0.493,0.4528,0.914
"GENE0680",0.098,0.4217,0.8993
"GENE0681",0.001,0.3381,0.8474
"GENE0682",-0.531,0.2379,0.7676
"GENE0683",0.472,0.4791,0.9257
"GENE0684",-0.237,0.685,0.9608
"GENE0685",0.48,0.9121,0.9925
"GENE0686",-0.19,0.1255,0.5886
"GENE0687",-0.23,0.1786,0.6712
"GENE0688",-0.012,0.4456,0.9119
"GENE0689",-0.143,0.378,0.869
"GENE0690",-0.143,0.4182,0.8977
"GENE0691",-0.351,0.1455,0.6239
"GENE0692",-0.485,0.9709,0.9986
"GENE0693",0.245,0.9874,0.9986
"GENE0694",-0.322,0.01416,0.1136
"GENE0695",-0.551,0.3181,0.8391
"GENE0696",-0.203,0.6073,0.9495
"GENE0697",-0.32,0.8175,0.9762
"GENE0698",-0.877,0.5999,0.9471
"GENE0699",-0.116,0.5151,0.933
"GENE0700",0.067,0.5191,0.933
"GENE0701",0.118,0.4304,0.9078
"GENE0702",0.157,0.9158,0.9925
"GENE0703",-0.4,0.3588,0.859
"GENE0704",-0.13,0.3119,0.8357
"GENE0705",-0.403,0.2108,0.7357
"GENE0706",-0.254,0.49,0.9288
"GENE0707",-0.484,0.9101,0.9925
"GENE0708",-0.447,0.8136,0.9753
"GENE0709",0.252,0.7343,0.9611
"GENE0710",-0.109,0.3756,0.869
"GENE0711",-0.104,0.5124,0.933
"GENE0712",0.692,0.4985,0.9288
"GENE0713",-0.023,0.1368,0.6054
"GENE0714",-0.215,0.4507,0.914
"GENE0715",0.299,0.3133,0.8372
"GENE0716",-0.195,0.7338,0.9611
"GENE0717",0.549,0.8297,0.9766
"GENE0718",-0.151,0.5446,0.9412
"GENE0719",-0.246,0.16,0.6419
"GENE0720",-0.467,0.2272,0.7461
"GENE0721",0.131,0.2837,0.8096
"GENE0722",0.587,0.1875,0.6945
"GENE0723",-0.142,0.7832,0.9704
"GENE0724",0.105,0.4656,0.9201
"GENE0725",0.133,0.6485,0.9534
"GENE0726",0.569,0.03571,0.2465
"GENE0727",0.266,0.2742,0.8028
"GENE0728",-0.429,0.5969,0.9471
"GENE0729",-0.279,0.9508,0.9986
"GENE0730",-0.298,0.1147,0.5651
"GENE0731",0.057,0.1169,0.5716
"GENE0732",-0.002,0.6323,0.9514
"GENE0733",0.147,0.9216,0.9925
"GENE0734",-0.263,0.9855,0.9986
"GENE0735",-0.151,0.7922,0.972
"GENE0736",0.297,0.9907,0.9986
"GENE0737",-0.04,0.01797,0.1424
"GENE0738",-0.262,0.5788,0.9471
"GENE0739",0.388,0.6256,0.9514
"GENE0740",0.005,0.1207,0.5787
"GENE0741",-0.367,0.7884,0.9706
"GENE0742",0.684,0.8591,0.9849
"GENE0743",-0.467,0.2143,0.7366
"GENE0744",-0.712,0.9936,0.9986
"GENE0745",-0.901,0.4957,0.9288
"GENE0746",0.26,0.4153,0.8954
"GENE0747",-0.213,0.05224,0.3287
"GENE0748",-0.11,0.9839,0.9986
"GENE0749",0.116,0.1821,0.6785
"GENE0750",-0.187,0.7196,0.9611
"GENE0751",-0.643,0.5544,0.9413
"GENE0752",-0.78,0.1484,0.6281
"GENE0753",-0.136,0.6069,0.9495
"GENE0754",0.07,0.2165,0.7395
"GENE0755",-0.911,0.4706,0.9209
"GENE0756",0.116,0.8681,0.9902
"GENE0757",0.169,0.2193,0.7395
"GENE0758",0.518,0.8059,0.9753
"GENE0759",0.066,0.7237,0.9611
"GENE0760",0.082,0.5188,0.933
"GENE0761",0.242,0.9078,0.9915
"GENE0762",-0.008,0.023,0.1774
"GENE0763",-0.032,0.274,0.8028
"GENE0764",0.046,0.453,0.914
"GENE0765",0.298,0.5225,0.9349
"GENE0766",-0.173,0.4712,0.9209
"GENE0767",-0.2,0.2977,0.8177
"GENE0768",-0.346,0.154,0.6341
"GENE0769",-0.383,0.4678,0.9209
"GENE0770",0.131,0.6462,0.9533
"GENE0771",0.619,0.5639,0.9416
"GENE0772",-0.388,0.7059,0.9611
"GENE0773",-0.075,0.4593,0.9168
"GENE0774",-0.412,0.3098,0.8345
"GENE0775",0.363,0.3614,0.8598
"GENE0776",-0.127,0.4873,0.9288
"GENE0777",0.072,0.3187,0.8391
"GENE0778",0.139,0.693,0.9611
"GENE0779",-0.422,0.5136,0.933
"GENE0780",-0.042,0.7186,0.9611
"GENE0781",-0.091,0.4205,0.8988
"GENE0782",0.27,0.1417,0.6182
"GENE0783",-0.493,0.2931,0.8132
"GENE0784",-0.48,0.6906,0.9611
"GENE0785",0.306,0.647,0.9533
"GENE0786",-0.235,0.4753,0.9222
"GENE0787",-0.264,0.6568,0.9559
"GENE0788",0.045,0.2233,0.7461
"GENE0789",-0.128,0.5676,0.9444
"GENE0790",0.747,0.9729,0.9986
"GENE0791",0.104,0.1354,0.6039
"GENE0792",0.065,0.73,0.9611
"GENE0793",0.372,0.6563,0.9559
"GENE0794",-0.024,0.8786,0.9915
"GENE0795",0.019,0.6649,0.9564
"GENE0796",-0.429,0.3261,0.8396
"GENE0797",-0.917,0.3885,0.874
"GENE0798",-0.483,0.0556,0.3463
"GENE0799",0.046,0.7101,0.9611
"GENE0800",-0.413,0.2886,0.8118
"GENE0801",0.276,0.8969,0.9915
"GENE0802",0.29,0.8472,0.9824
"GENE0803",0.087,0.6285,0.9514
"GENE0804",-0.081,0.7441,0.966
"GENE0805",-0.546,0.7779,0.9704
"GENE0806",-0.124,0.9789,0.9986
"GENE0807",-0.181,0.9002,0.9915
"GENE0808",0.265,0.1241,0.5842
"GENE0809",0.523,0.9514,0.9986
"GENE0810",0.2,0.3766,0.869
"GENE0811",-0.451,0.3154,0.8391
"GENE0812",0.668,0.5906,0.9471
"GENE0813",0.404,0.3417,0.8491
"GENE0814",0.089,0.6811,0.9595
"GENE0815",-0.883,0.3711,0.8653
"GENE0816",-0.382,0.4195,0.8984
"GENE0817",-0.027,0.8646,0.9884
"GENE0818",0.305,0.9191,0.9925
"GENE0819",-0.472,0.7196,0.9611
"GENE0820",1.284,0.7938,0.972
"GENE0821",-1.022,0.8309,0.9766
"GENE0822",-0.094,0.7491,0.9663
"GENE0823",-0.104,0.6185,0.95
"GENE0824",-0.265,0.398,0.8819
"GENE0825",-0.128,0.3865,0.874
"GENE0826",0.297,0.8845,0.9915
"GENE0827",-0.35,0.07268,0.4331
"GENE0828",-0.833,0.6463,0.9533
"GENE0829",0.038,0.04413,0.2885
"GENE0830",-0.001,0.2664,0.7987
"GENE0831",-0.005,0.9778,0.9986
"GENE0832",0.267,0.5044,0.9319
"GENE0833",-0.005,0.5016,0.9304
"GENE0834",0.31,0.4925,0.9288
"GENE0835",-0.804,0.7117,0.9611
"GENE0836",-0.451,0.04453,0.2892
"GENE0837",0.14,0.7563,0.9687
"GENE0838",-0.141,0.4851,0.9288
"GENE0839",0.378,0.926,0.9936
"GENE0840",-0.402,0.4743,0.9213
"GENE0841",0.29,0.7368,0.9611
"GENE0842",-0.268,0.7223,0.9611
"GENE0843",-0.445,0.5105,0.933
"GENE0844",-0.137,0.395,0.879
"GENE0845",0.02,0.7712,0.9704
"GENE0846",-0.491,0.1454,0.6239
"GENE0847",-0.306,0.6358,0.9514
"GENE0848",-0.498,0.4681,0.9209
"GENE0849",0.407,0.2648,0.7987
"GENE0850",0.289,0.1914,0.7003
"GENE0851",-0.413,0.8311,0.9766
"GENE0852",0.223,0.1633,0.6455
"GENE0853",-0.102,0.5653,0.9422
"GENE0854",-0.445,0.5803,0.9471
"GENE0855",0.168,0.4862,0.9288
"GENE0856",-0.129,0.136,0.605
"GENE0857",0.352,0.1786,0.6712
"GENE0858",-0.078,0.5446,0.9412
"GENE0859",0.475,0.8745,0.9915
"GENE0860",-0.204,0.5925,0.9471
"GENE0861",0.088,0.3483,0.8546
"GENE0862",0.148,0.959,0.9986
"GENE0863",0.112,0.4605,0.9173
"GENE0864",0.081,0.5219,0.9346
"GENE0865",-0.005,0.4888,0.9288
"GENE0866",-0.036,0.8228,0.9766
"GENE0867",0.546,0.4773,0.9235
"GENE0868",0.363,0.8778,0.9915
"GENE0869",-0.244,0.7108,0.9611
"GENE0870",0.559,0.7238,0.9611
"GENE0871",0.058,0.8165,0.9762
"GENE0872",-0.256,0.4213,0.8993
"GENE0873",0.068,0.7042,0.9611
"GENE0874",-0.063,0.3937,0.879
"GENE0875",0.04,0.07062,0.4233
"GENE0876",-0.389,0.6235,0.9514
"GENE0877",-0.328,0.00799,0.0681
"GENE0878",0.545,0.681,0.9595
"GENE0879",0.385,0.3575,0.8587
"GENE0880",-0.353,0.5773,0.9471
"GENE0881",-0.36,0.4281,0.9074
"GENE0882",0.689,0.06143,0.3771
"GENE0883",0.764,0.4408,0.9109
"GENE0884",-0.311,0.8111,0.9753
"GENE0885",-0.521,0.08185,0.458
"GENE0886",1.049,0.2892,0.8126
"GENE0887",0.092,0.2485,0.7848
"GENE0888",0.075,0.5049,0.9319
"GENE0889",0.03,0.03445,0.2416
"GENE0890",0.562,0.1102,0.5566
"GENE0891",-0.077,0.9958,0.9996
"GENE0892",0.584,0.9436,0.9975
"GENE0893",-0.088,0.7077,0.9611
"GENE0894",0.202,0.8944,0.9915
"GENE0895",-0.413,0.4975,0.9288
"GENE0896",0.068,0.6415,0.9533
"GENE0897",0.48,0.02937,0.2142
"GENE0898",-0.065,0.3531,0.8546
"GENE0899",0.513,0.3948,0.879
"GENE0900",1.091,0.1323,0.6039
"GENE0901",0.377,0.794,0.972
"GENE0902",-0.099,0.5392,0.9412
"GENE0903",0.039,0.7818,0.9704
"GENE0904",-0.174,0.8256,0.9766
"GENE0905",0.871,0.6751,0.9595
"GENE0906",-1.184,0.4392,0.9109
"GENE0907",0.032,0.9207,0.9925
"GENE0908",0.044,0.789,0.9706
"GENE0909",0.085,0.03507,0.245
"GENE0910",-0.623,0.9818,0.9986
"GENE0911",0.086,0.1351,0.6039
"GENE0912",0.075,0.1319,0.6039
"GENE0913",0.503,0.4924,0.9288
"GENE0914",0.209,0.7504,0.9667
"GENE0915",0.446,0.5593,0.9413
"GENE0916",-0.383,0.9553,0.9986
"GENE0917",-0.05,0.2972,0.8177
"GENE0918",0.077,0.1133,0.5637
"GENE0919",0.109,0.8845,0.9915
"GENE0920",-0.278,0.8676,0.9901
"GENE0921",0.592,0.02055,0.1602
"GENE0922",-0.245,0.001256,0.01138
"GENE0923",-0.646,0.1552,0.6355
"GENE0924",0.161,0.7043,0.9611
"GENE0925",0.266,0.9456,0.9975
"GENE0926",0.378,0.6438,0.9533
"GENE0927",-0.379,0.8139,0.9753
"GENE0928",-0.099,0.2031,0.7253
"GENE0929",-0.531,0.06454,0.3904
"GENE0930",0.338,0.07904,0.449
"GENE0931",0.139,0.7949,0.972
"GENE0932",0.366,0.9937,0.9986
"GENE0933",0.243,0.6427,0.9533
"GENE0934",-0.243,0.5648,0.9421
"GENE0935",0.072,0.09161,0.4948
"GENE0936",-0.763,0.1994,0.7155
"GENE0937",0.201,0.6404,0.9533
"GENE0938",0.388,0.9835,0.9986
"GENE0939",-0.35,0.8141,0.9753
"GENE0940",-0.854,0.8644,0.9884
"GENE0941",-0.609,0.1598,0.6419
"GENE0942",-0.445,0.498,0.9288
"GENE0943",0.496,0.6984,0.9611
"GENE0944",0.001,0.7955,0.9721
"GENE0945",-0.495,0.1083,0.5523
"GENE0946",0.222,0.5611,0.9413
"GENE0947",-0.873,0.7018,0.9611
"GENE0948",-0.099,0.3361,0.8474
"GENE0949",0.445,0.1628,0.6455
"GENE0950",-0.137,0.3528,0.8546
"GENE0951",0.522,0.3536,0.8546
"GENE0952",0.718,0.438,0.9109
"GENE0953",-0.467,0.1488,0.6281
"GENE0954",-0.461,0.1719,0.6578
"GENE0955",-0.366,0.7573,0.9688
"GENE0956",0.211,0.4892,0.9288
"GENE0957",0.334,0.4426,0.9109
"GENE0958",0.484,0.9909,0.9986
"GENE0959",0.52,0.6909,0.9611
"GENE0960",0.43,0.0538,0.3375
"GENE0961",0.376,0.7315,0.9611
"GENE0962",0.065,0.561,0.9413
"GENE0963",-0.355,0.4982,0.9288
"GENE0964",-0.29,0.8411,0.982
"GENE0965",0.163,0.4636,0.9191
"GENE0966",0.673,0.1989,0.7149
"GENE0967",0.682,0.6554,0.9559
"GENE0968",-0.77,0.9873,0.9986
"GENE0969",-0.334,0.722,0.9611
"GENE0970",0.568,0.02453,0.1849
"GENE0971",-0.426,0.4933,0.9288
"GENE0972",-0.645,0.1521,0.6307
"GENE0973",0.24,0.6623,0.9564
"GENE0974",0.693,0.02734,0.203
"GENE0975",0.774,0.7884,0.9706
"GENE0976",0.213,0.02369,0.1806
"GENE0977",0.288,0.7517,0.9672
"GENE0978",0.224,0.2197,0.7395
"GENE0979",-0.007,0.9048,0.9915
"GENE0980",-1.349,0.05982,0.3684
"GENE0981",0.304,0.0293,0.2142
"GENE0982",-0.156,0.1602,0.6419
"GENE0983",0.404,0.6349,0.9514
"GENE0984",-0.251,0.9886,0.9986
"GENE0985",-0.654,0.5615,0.9413
"GENE0986",0.498,0.4024,0.8847
"GENE0987",0.073,0.2217,0.7452
"GENE0988",1.398,0.9193,0.9925
"GENE0989",0.366,0.2258,0.7461
"GENE0990",0.419,0.03714,0.2543
"GENE0991",0.306,0.7,0.9611
"GENE0992",-0.241,0.3512,0.8546
"GENE0993",-0.148,0.3611,0.8598
"GENE0994",0.424,0.2756,0.8028
"GENE0995",0.422,0.3973,0.8819
"GENE0996",0.233,0.99,0.9986
"GENE0997",-0.395,0.694,0.9611
"GENE0998",0.674,0.3263,0.8396
"GENE0999",-0.547,0.8735,0.9915
"GENE1000",-0.173,0.7206,0.9611
"GENE1001",0.93,0.9806,0.9986
"GENE1002",0.21,0.7806,0.9704
"GENE1003",0.388,0.7793,0.9704
"GENE1004",0.151,0.5937,0.9471
"GENE1005",-0.398,0.9774,0.9986
"GENE1006",-0.239,0.2822,0.8093
"GENE1007",0.066,0.8982,0.9915
"GENE1008",-1.171,0.7644,0.9704
"GENE1009",-0.339,0.6306,0.9514
"GENE1010",0.319,0.7995,0.9737
"GENE1011",-0.119,0.6003,0.9471
"GENE1012",-0.113,0.2113,0.7357
"GENE1013",0.348,0.9733,0.9986
"GENE1014",-0.218,0.588,0.9471
"GENE1015",0.252,0.1555,0.6355
"GENE1016",-0.569,0.1866,0.6941
"GENE1017",-0.491,0.5257,0.9356
"GENE1018",-0.67,0.6999,0.9611
"GENE1019",0.034,0.5763,0.9471
"GENE1020",-0.082,0.3535,0.8546
"GENE1021",0.577,0.009641,0.08081
"GENE1022",-0.017,0.1162,0.5698
"GENE1023",0.542,0.3625,0.86
"GENE1024",0.778,0.7286,0.9611
"GENE1025",-0.196,0.6356,0.9514
"GENE1026",0.155,0.3371,0.8474
"GENE1027",-0.338,0.002335,0.02099
"GENE1028",0.295,0.825,0.9766
"GENE1029",-0.432,0.6435,0.9533
"GENE1030",-0.411,0.07877,0.449
"GENE1031",0.116,0.3876,0.874
"GENE1032",0.036,0.1309,0.6037
"GENE1033",0.105,0.671,0.9581
"GENE1034",0.028,0.3068,0.8297
"GENE1035",-0.211,0.7635,0.9704
"GENE1036",-0.052,0.7636,0.9704
"GENE1037",0.648,0.9228,0.9925
"GENE1038",-0.007,0.4556,0.914
"GENE1039",-0.527,0.04596,0.2969
"GENE1040",-0.338,0.6607,0.9564
"GENE1041",-0.441,0.5166,0.933
"GENE1042",-0.36,0.211,0.7357
"GENE1043",-0.504,0.2634,0.7987
"GENE1044",-1.05,0.03054,0.2211
"GENE1045",0.268,0.512,0.933
"GENE1046",0.264,0.6378,0.9527
"GENE1047",-0.1,0.4486,0.9135
"GENE1048",-0.29,0.3876,0.874
"GENE1049",-0.325,0.1198,0.5776
"GENE1050",0.159,0.969,0.9986
"GENE1051",0.091,0.0354,0.2457
"GENE1052",0.169,0.4087,0.8868
"GENE1053",0.002,0.983,0.9986
"GENE1054",0.248,0.8455,0.9824
"GENE1055",0.172,0.09268,0.4966
"GENE1056",0.223,0.2618,0.7987
"GENE1057",0.198,0.6084,0.9495
"GENE1058",0.665,0.4022,0.8847
"GENE1059",-0.422,0.1337,0.6039
"GENE1060",0.603,0.913,0.9925
"GENE1061",-0.134,0.9342,0.9956
"GENE1062",-0.026,0.2689,0.7987
"GENE1063",0.032,0.03859,0.259
"GENE1064",-0.179,0.6039,0.9495
"GENE1065",-1.022,0.1871,0.6945
"GENE1066",-0.125,0.7359,0.9611
"GENE1067",0.017,0.1114,0.5577
"GENE1068",-0.695,0.7743,0.9704
"GENE1069",0.22,0.5201,0.933
"GENE1070",-0.239,0.08503,0.4732
"GENE1071",0.579,0.3118,0.8357
"GENE1072",0.106,0.2719,0.7994
"GENE1073",-0.316,0.9915,0.9986
"GENE1074",0.067,0.3593,0.859
"GENE1075",0.103,0.4982,0.9288
"GENE1076",0.365,0.9404,0.9967
"GENE1077",-0.063,0.9085,0.9915
"GENE1078",-0.813,0.7235,0.9611
"GENE1079",-0.52,0.7941,0.972
"GENE1080",-0.343,0.2669,0.7987
"GENE1081",0.171,0.7535,0.9677
"GENE1082",-0.114,0.5419,0.9412
"GENE1083",-0.246,0.697,0.9611
"GENE1084",-0.338,0.5976,0.9471
"GENE1085",0.061,0.6079,0.9495
"GENE1086",-0.341,0.266,0.7987
"GENE1087",-0.159,0.2378,0.7676
"GENE1088",-0.376,0.6177,0.95
"GENE1089",-0.555,0.3658,0.8622
"GENE1090",0.382,0.8636,0.9884
"GENE1091",-0.527,0.6805,0.9595
"GENE1092",0.029,0.914,0.9925
"GENE1093",-0.227,0.006646,0.05737
"GENE1094",-0.423,0.7356,0.9611
"GENE1095",0.104,0.03177,0.2259
"GENE1096",0.149,0.2921,0.8132
"GENE1097",0.506,0.3371,0.8474
"GENE1098",0.13,0.7034,0.9611
"GENE1099",-0.055,0.03102,0.2229
"GENE1100",1.041,0.8504,0.9828
"GENE1101",-0.26,0.5452,0.9412
"GENE1102",-0.401,0.7455,0.966
"GENE1103",-0.214,0.6808,0.9595
"GENE1104",-0.044,0.4314,0.9078
"GENE1105",0.24,0.8118,0.9753
"GENE1106",0.166,0.8993,0.9915
"GENE1107",-0.042,0.8673,0.9901
"GENE1108",-0.343,0.413,0.8922
"GENE1109",0.451,0.7146,0.9611
"GENE1110",0.367,0.7601,0.9691
"GENE1111",-0.29,0.7075,0.9611
"GENE1112",0.275,0.3154,0.8391
"GENE1113",0.18,0.5948,0.9471
"GENE1114",0.418,0.3935,0.879
"GENE1115",0.06,0.5136,0.933
"GENE1116",-0.456,0.4027,0.8847
"GENE1117",0.321,0.2095,0.7348
"GENE1118",-0.291,0.9848,0.9986
"GENE1119",0.211,0.987,0.9986
"GENE1120",0.669,0.9674,0.9986
"GENE1121",-0.568,0.214,0.7366
"GENE1122",0.625,0.3962,0.8804
"GENE1123",0.541,0.9552,0.9986
"GENE1124",-0.211,0.425,0.9046
"GENE1125",-0.101,0.8261,0.9766
"GENE1126",-0.274,0.8869,0.9915
"GENE1127",-0.228,0.9791,0.9986
"GENE1128",0.232,0.564,0.9416
"GENE1129",-0.36,0.7678,0.9704
"GENE1130",-0.076,0.1548,0.6355
"GENE1131",-0.058,0.3373,0.8474
"GENE1132",-0.039,0.9075,0.9915
"GENE1133",0.073,0.3784,0.869
"GENE1134",0.639,0.4931,0.9288
"GENE1135",-0.181,0.08681,0.4804
"GENE1136",-0.318,0.3306,0.8453
"GENE1137",0.317,0.8503,0.9828
"GENE1138",0.152,0.3835,0.8703
"GENE1139",0.094,0.5184,0.933
"GENE1140",0.236,0.6464,0.9533
"GENE1141",-0.565,0.477,0.9235
"GENE1142",0.425,0.4069,0.8847
"GENE1143",0.182,0.5306,0.9371
"GENE1144",0.381,0.8985,0.9915
"GENE1145",-0.239,0.2632,0.7987
"GENE1146",-0.737,0.776,0.9704
"GENE1147",-0.194,0.336,0.8474
"GENE1148",-0.363,0.7604,0.9691
"GENE1149",0.889,0.7813,0.9704
"GENE1150",-0.165,0.01156,0.09493
"GENE1151",-0.086,0.9051,0.9915
"GENE1152",0.425,0.8291,0.9766
"GENE1153",0.248,0.5232,0.9354
"GENE1154",0.269,0.2254,0.7461
"GENE1155",1.053,0.5969,0.9471
"GENE1156",0.066,0.4471,0.9119
"GENE1157",0.762,0.5919,0.9471
"GENE1158",0.101,0.2487,0.7848
"GENE1159",-0.584,0.5749,0.9471
"GENE1160",-0.891,0.4577,0.9151
"GENE1161",0.26,0.4045,0.8847
"GENE1162",-0.4,0.009108,0.07666
"GENE1163",0.017,0.7164,0.9611
"GENE1164",0.711,0.1131,0.5637
"GENE1165",0.139,0.7598,0.9691
"GENE1166",-0.115,0.9168,0.9925
"GENE1167",-0.77,0.5812,0.9471
"GENE1168",-0.32,0.1793,0.6712
"GENE1169",-0.23,0.7096,0.9611
"GENE1170",0.274,0.09091,0.4936
"GENE1171",0.193,0.2847,0.8111
"GENE1172",0.006,0.8158,0.9762
"GENE1173",0.072,0.5764,0.9471
"GENE1174",-0.115,0.4446,0.9109
"GENE1175",0.012,0.7328,0.9611
"GENE1176",0.109,0.4819,0.9273
"GENE1177",0.18,0.4573,0.9151
"GENE1178",0.731,0.3118,0.8357
"GENE1179",-0.445,0.4506,0.914
"GENE1180",0.59,0.2448,0.7828
"GENE1181",0.269,0.321,0.8396
"GENE1182",-0.618,0.9032,0.9915
"GENE1183",-0.111,0.7168,0.9611
"GENE1184",-0.252,0.256,0.7962
"GENE1185",-0.373,0.6006,0.9471
"GENE1186",-0.615,0.1055,0.541
"GENE1187",-0.198,0.9962,0.9996
"GENE1188",-0.174,0.2161,0.7395
"GENE1189",-0.129,0.4465,0.9119
"GENE1190",-0.824,0.8578,0.9847
"GENE1191",0.177,0.5444,0.9412
"GENE1192",0.299,0.02436,0.1843
"GENE1193",0.316,0.1562,0.6355
"GENE1194",0.308,0.5186,0.933
"GENE1195",0.08,0.8127,0.9753
"GENE1196",0.587,0.4276,0.9074
"GENE1197",-0.351,0.3793,0.869
"GENE1198",-0.491,0.03343,0.2353
"GENE1199",0.135,0.553,0.9413
"GENE1200",0.176,0.7011,0.9611
"GENE1201",-0.299,0.8278,0.9766
"GENE1202",0.015,0.4411,0.9109
"GENE1203",0.129,0.9365,0.9956
"GENE1204",0.152,0.3417,0.8491
"GENE1205",0.351,0.4023,0.8847
"GENE1206",0.373,0.9456,0.9975
"GENE1207",-0.972,0.3607,0.8598
"GENE1208",0.691,0.1633,0.6455
"GENE1209",0.182,0.5824,0.9471
"GENE1210",-0.228,0.3951,0.879
"GENE1211",-0.446,0.8867,0.9915
"GENE1212",0.362,0.7896,0.9707
"GENE1213",0.131,0.5464,0.9412
"GENE1214",0.431,0.06317,0.3855
"GENE1215",-0.024,0.5762,0.9471
"GENE1216",-0.097,0.2123,0.7366
"GENE1217",0.897,0.7842,0.9704
"GENE1218",-0.814,0.519,0.933
"GENE1219",0.156,0.7703,0.9704
"GENE1220",0.154,0.6129,0.95
"GENE1221",0.175,0.8614,0.987
"GENE1222",0.223,0.07854,0.449
"GENE1223",-0.111,0.02542,0.1895
"GENE1224",0.467,0.9386,0.9963
"GENE1225",-0.982,0.1185,0.5764
"GENE1226",-0.322,0.4549,0.914
"GENE1227",-0.048,0.1189,0.5764
"GENE1228",0.065,0.07868,0.449
"GENE1229",0.163,0.6469,0.9533
"GENE1230",0.256,0.09636,0.5122
"GENE1231",-0.603,0.08742,0.4825
"GENE1232",0.003,0.8198,0.9766
"GENE1233",0.21,0.4096,0.8877
"GENE1234",0.531,0.9537,0.9986
"GENE1235",-0.045,0.6639,0.9564
"GENE1236",0.64,0.2053,0.7269
"GENE1237",-0.113,0.9739,0.9986
"GENE1238",-0.02,0.5426,0.9412
"GENE1239",0.064,0.4048,0.8847
"GENE1240",-0.201,0.8761,0.9915
"GENE1241",0.286,0.4916,0.9288
"GENE1242",-0.538,0.3682,0.8648
"GENE1243",-0.002,0.5931,0.9471
"GENE1244",-0.216,0.4064,0.8847
"GENE1245",-0.219,0.2758,0.8028
"GENE1246",0.461,0.1318,0.6039
"GENE1247",0.421,0.0006882,0.006406
"GENE1248",0.639,0.4881,0.9288
"GENE1249",-0.106,0.9346,0.9956
"GENE1250",0.013,0.9571,0.9986
"GENE1251",-0.621,0.3656,0.8622
"GENE1252",-0.155,0.9674,0.9986
"GENE1253",0.706,0.2367,0.7675
"GENE1254",-0.167,0.1603,0.6419
"GENE1255",-0.467,0.6133,0.95
"GENE1256",0.017,0.7328,0.9611
"GENE1257",0.499,0.2685,0.7987
"GENE1258",-0.631,0.9351,0.9956
"GENE1259",-0.102,0.8213,0.9766
"GENE1260",0.187,0.7142,0.9611
"GENE1261",0.791,0.3249,0.8396
"GENE1262",-0.246,0.1696,0.6528
"GENE1263",0.608,0.8039,0.9748
"GENE1264",-0.173,0.7837,0.9704
"GENE1265",-0.412,0.4077,0.8855
"GENE1266",-0.454,0.0973,0.5159
"GENE1267",-0.088,0.1639,0.6468
"GENE1268",-0.009,0.6308,0.9514
"GENE1269",-0.129,0.7695,0.9704
"GENE1270",0.421,0.8552,0.9847
"GENE1271",0.076,0.9927,0.9986
"GENE1272",-0.042,0.3579,0.8587
"GENE1273",-0.241,0.1605,0.6419
"GENE1274",-0.518,0.2715,0.7994
"GENE1275",-0.784,0.3297,0.8452
"GENE1276",0.085,0.1354,0.6039
"GENE1277",0.01,0.1211,0.5787
"GENE1278",0.546,0.5954,0.9471
"GENE1279",0.116,0.9443,0.9975
"GENE1280",0.319,0.9036,0.9915
"GENE1281",0.016,0.5506,0.9413
"GENE1282",-0.327,0.3868,0.874
"GENE1283",0.116,0.00998,0.0833
"GENE1284",0.136,0.9361,0.9956
"GENE1285",-0.327,0.01402,0.1133
"GENE1286",-0.011,0.3627,0.86
"GENE1287",0.8,0.8262,0.9766
"GENE1288",-0.452,0.5714,0.9471
"GENE1289",0.589,0.6176,0.95
"GENE1290",-0.091,0.3825,0.8703
"GENE1291",0.593,0.0233,0.179
"GENE1292",-0.337,0.7168,0.9611
"GENE1293",-0.026,0.1143,0.5644
"GENE1294",0.124,0.7422,0.9651
"GENE1295",-0.045,0.6548,0.9559
"GENE1296",0.263,0.5259,0.9356
"GENE1297",-0.067,0.5178,0.933
"GENE1298",0.484,0.2084,0.7335
"GENE1299",0.068,0.03101,0.2229
"GENE1300",0.277,0.899,0.9915
"GENE1301",-0.474,0.7741,0.9704
"GENE1302",-0.263,0.1662,0.6483
"GENE1303",0.436,0.3352,0.8474
"GENE1304",0.204,0.5704,0.9467
"GENE1305",-0.054,0.8933,0.9915
"GENE1306",-0.044,0.03975,0.2659
"GENE1307",0.302,0.6738,0.9595
"GENE1308",-0.09,0.797,0.9734
"GENE1309",0.03,0.8816,0.9915
"GENE1310",-0.658,0.2566,0.7962
"GENE1311",0.71,0.02477,0.186
"GENE1312",0.306,0.5557,0.9413
"GENE1313",0.333,0.7724,0.9704
"GENE1314",-0.762,0.8764,0.9915
"GENE1315",-0.008,0.8534,0.984
"GENE1316",-0.164,0.969,0.9986
"GENE1317",-0.551,0.6999,0.9611
"GENE1318",0.291,0.3679,0.8648
"GENE1319",0.494,0.1323,0.6039
"GENE1320",-0.221,0.7509,0.9667
"GENE1321",-0.092,0.481,0.927
"GENE1322",0.685,0.8809,0.9915
"GENE1323",-0.66,0.02762,0.2036
"GENE1324",0.298,0.09924,0.5209
"GENE1325",-0.126,0.2838,0.8096
"GENE1326",-0.046,0.8011,0.9743
"GENE1327",-0.244,0.2272,0.7461
"GENE1328",0.439,0.04221,0.279
"GENE1329",-0.451,0.635,0.9514
"GENE1330",0.385,0.5062,0.9329
"GENE1331",0.563,0.9848,0.9986
"GENE1332",-0.657,0.2734,0.8027
"GENE1333",-0.451,0.6318,0.9514
"GENE1334",0.237,0.6933,0.9611
"GENE1335",-0.383,0.338,0.8474
"GENE1336",-0.277,0.1109,0.5575
"GENE1337",-0.178,0.8222,0.9766
"GENE1338",-0.138,0.8533,0.984
"GENE1339",0.281,0.7784,0.9704
"GENE1340",-0.241,0.9973,0.9996
"GENE1341",0.036,0.5982,0.9471
"GENE1342",0.295,0.3573,0.8587
"GENE1343",-0.616,0.2555,0.7962
"GENE1344",-0.276,0.9,0.9915
"GENE1345",0.344,0.7201,0.9611
"GENE1346",-0.151,0.002801,0.02503
"GENE1347",-1.014,0.7551,0.9687
"GENE1348",-0.343,0.745,0.966
"GENE1349",0.326,0.6148,0.95
"GENE1350",-0.171,0.255,0.7962
"GENE1351",-0.162,0.9728,0.9986
"GENE1352",-0.058,0.7827,0.9704
"GENE1353",0.288,0.9894,0.9986
"GENE1354",-0.196,0.9059,0.9915
"GENE1355",0.19,0.1613,0.6439
"GENE1356",0.229,0.08855,0.4847
"GENE1357",-0.408,0.6559,0.9559
"GENE1358",-0.025,0.371,0.8653
"GENE1359",-0.215,0.1089,0.5541
"GENE1360",0.167,0.8437,0.9824
"GENE1361",-0.603,0.293,0.8132
"GENE1362",0.616,0.8168,0.9762
"GENE1363",0.538,0.332,0.8458
"GENE1364",-0.337,0.2104,0.7357
"GENE1365",-0.268,0.444,0.9109
"GENE1366",-0.363,0.5251,0.9356
"GENE1367",-0.055,0.9606,0.9986
"GENE1368",-0.2,0.01145,0.0944
"GENE1369",0.045,0.2032,0.7253
"GENE1370",-0.75,0.3921,0.879
"GENE1371",0.063,0.6965,0.9611
"GENE1372",0.006,0.5091,0.933
"GENE1373",-0.64,0.7844,0.9704
"GENE1374",0.11,0.9652,0.9986
"GENE1375",0.022,0.5956,0.9471
"GENE1376",-0.092,0.731,0.9611
"GENE1377",-0.005,0.7122,0.9611
"GENE1378",0.154,0.4631,0.9191
"GENE1379",0.139,0.2577,0.7972
"GENE1380",-0.173,0.8473,0.9824
"GENE1381",0.46,0.3233,0.8396
"GENE1382",-0.015,0.6164,0.95
"GENE1383",-0.054,0.2481,0.7848
"GENE1384",0.378,0.7923,0.972
"GENE1385",0.397,0.01417,0.1136
"GENE1386",-0.28,0.3041,0.8256
"GENE1387",-0.396,0.7343,0.9611
"GENE1388",-0.282,0.807,0.9753
"GENE1389",-0.47,0.3389,0.8483
"GENE1390",-0.712,0.7481,0.9663
"GENE1391",0.124,0.43,0.9078
"GENE1392",-0.058,0.8248,0.9766
"GENE1393",0.257,0.7471,0.9663
"GENE1394",-0.001,0.4516,0.914
"GENE1395",0.164,0.5199,0.933
"GENE1396",-0.198,0.8508,0.9828
"GENE1397",-0.384,0.4556,0.914
"GENE1398",0.311,0.1225,0.5825
"GENE1399",0.304,0.2984,0.8177
"GENE1400",-0.693,0.1464,0.6239
"GENE1401",0.351,0.9469,0.9977
"GENE1402",-0.709,0.327,0.8404
"GENE1403",-0.018,0.5555,0.9413
"GENE1404",-0.158,0.891,0.9915
"GENE1405",-0.051,0.5476,0.9412
"GENE1406",0.438,0.8258,0.9766
"GENE1407",-0.502,0.8364,0.9792
"GENE1408",-0.106,0.8376,0.9792
"GENE1409",1.021,0.6478,0.9534
"GENE1410",-0.591,0.3126,0.8364
"GENE1411",-0.251,0.1894,0.6955
"GENE1412",-0.016,0.8776,0.9915
"GENE1413",0.08,0.3422,0.8492
"GENE1414",-0.213,0.4983,0.9288
"GENE1415",-0.106,0.2185,0.7395
"GENE1416",0.434,0.2185,0.7395
"GENE1417",-0.072,0.04614,0.2969
"GENE1418",0.101,0.2063,0.7285
"GENE1419",0.148,0.4337,0.9078
"GENE1420",0.163,0.5425,0.9412
"GENE1421",0.197,0.7237,0.9611
"GENE1422",0.022,0.9729,0.9986
"GENE1423",-0.283,0.3022,0.8237
"GENE1424",-0.023,0.7376,0.9611
"GENE1425",-0.385,0.6705,0.9581
"GENE1426",0.037,0.4176,0.8977
"GENE1427",-0.139,0.7751,0.9704
"GENE1428",-0.047,0.3467,0.8546
"GENE1429",-0.44,0.455,0.914
"GENE1430",-0.113,0.1794,0.6712
"GENE1431",-0.436,0.3175,0.8391
"GENE1432",-0.162,0.01991,0.1559
"GENE1433",0.211,0.2413,0.7762
"GENE1434",0.096,0.6102,0.9495
"GENE1435",0.359,0.39,0.8753
"GENE1436",0.195,0.04615,0.2969
"GENE1437",0.045,0.9411,0.9968
"GENE1438",0.399,0.9353,0.9956
"GENE1439",0.477,0.5363,0.9404
"GENE1440",-0.56,0.45,0.914
"GENE1441",0.357,0.322,0.8396
"GENE1442",0.311,0.536,0.9404
"GENE1443",0.377,0.3262,0.8396
"GENE1444",-0.364,0.474,0.9213
"GENE1445",0.964,0.5291,0.9371
"GENE1446",-1.038,0.8458,0.9824
"GENE1447",0.003,0.5523,0.9413
"GENE1448",0.047,0.7062,0.9611
"GENE1449",-0.06,0.9108,0.9925
"GENE1450",0.299,0.4396,0.9109
"GENE1451",0.05,0.336,0.8474
"GENE1452",-0.311,0.9204,0.9925
"GENE1453",0.564,0.8357,0.9792
"GENE1454",-0.118,0.8445,0.9824
"GENE1455",0.244,0.264,0.7987
"GENE1456",-0.267,0.5605,0.9413
"GENE1457",-0.424,0.587,0.9471
"GENE1458",-0.242,0.1446,0.6228
"GENE1459",-0.423,0.3648,0.8619
"GENE1460",0.213,0.8956,0.9915
"GENE1461",-0.621,0.8428,0.9824
"GENE1462",-0.391,0.7691,0.9704
"GENE1463",0.011,0.9188,0.9925
"GENE1464",-0.686,0.3557,0.8565
"GENE1465",-0.202,0.9377,0.9958
"GENE1466",-0.122,0.5919,0.9471
"GENE1467",0.538,0.7532,0.9677
"GENE1468",-0.103,0.08009,0.4531
"GENE1469",-0.209,0.3067,0.8297
"GENE1470",-0.265,0.8031,0.9745
"GENE1471",0.179,0.4506,0.914
"GENE1472",-0.128,0.03262,0.2312
"GENE1473",-0.218,0.6184,0.95
"GENE1474",-0.112,0.7727,0.9704
"GENE1475",0.426,0.01843,0.1454
"GENE1476",0.627,0.4538,0.914
"GENE1477",-0.257,0.9223,0.9925
"GENE1478",0.008,0.6358,0.9514
"GENE1479",-0.13,0.1425,0.62
"GENE1480",0.743,0.2055,0.7269
"GENE1481",0.236,0.323,0.8396
"GENE1482",-0.712,0.6614,0.9564
"GENE1483",-0.174,0.9085,0.9915
"GENE1484",-0.917,0.8184,0.9764
"GENE1485",-0.037,0.659,0.9564
"GENE1486",0.282,0.3508,0.8546
"GENE1487",-0.358,0.6817,0.9595
"GENE1488",-0.513,0.317,0.8391
"GENE1489",0.502,0.2267,0.7461
"GENE1490",-0.386,0.5096,0.933
"GENE1491",0.363,0.05461,0.3415
"GENE1492",0.086,0.2573,0.797
"GENE1493",0.352,0.2143,0.7366
"GENE1494",0.401,0.3194,0.8391
"GENE1495",0.456,0.6922,0.9611
"GENE1496",0.494,0.9769,0.9986
"GENE1497",0.118,0.7634,0.9704
"GENE1498",0.069,0.3718,0.8653
"GENE1499",-0.382,0.5173,0.933
"GENE1500",-0.484,0.1062,0.5433
"GENE1501",-0.241,0.3467,0.8546
"GENE1502",-0.054,0.0119,0.0973
"GENE1503",-0.395,0.648,0.9534
"GENE1504",0.333,0.2507,0.7901
"GENE1505",-0.318,0.2668,0.7987
"GENE1506",0.136,0.2482,0.7848
"GENE1507",0.348,0.6955,0.9611
"GENE1508",-0.473,0.3488,0.8546
"GENE1509",0.409,0.1354,0.6039
"GENE1510",-0.843,0.1231,0.5825
"GENE1511",0.092,0.9687,0.9986
"GENE1512",0.605,0.6798,0.9595
"GENE1513",0.222,0.003415,0.03026
"GENE1514",0.366,0.00856,0.07256
"GENE1515",-0.221,0.9219,0.9925
"GENE1516",0.119,0.8029,0.9745
"GENE1517",0.443,0.2561,0.7962
"GENE1518",-0.532,0.5514,0.9413
"GENE1519",0.401,0.8948,0.9915
"GENE1520",-0.564,0.9066,0.9915
"GENE1521",-0.2,0.07211,0.4309
"GENE1522",1.049,0.7373,0.9611
"GENE1523",0.204,0.3704,0.8653
"GENE1524",-0.036,0.9482,0.9977
"GENE1525",0.392,0.5835,0.9471
"GENE1526",-0.098,0.5502,0.9413
"GENE1527",0.249,0.1564,0.6355
"GENE1528",-0.138,0.65,0.9543
"GENE1529",-0.942,0.2964,0.8177
"GENE1530",0.189,0.07834,0.449
"GENE1531",-0.205,0.6897,0.9611
"GENE1532",-0.229,0.4199,0.8984
"GENE1533",0.002,0.7083,0.9611
"GENE1534",0.537,0.06441,0.3904
"GENE1535",0.118,0.1098,0.5566
"GENE1536",0.337,0.8574,0.9847
"GENE1537",0.252,0.1571,0.6371
"GENE1538",0.041,0.4998,0.9296
"GENE1539",0.268,0.5821,0.9471
"GENE1540",-0.055,0.01319,0.107
"GENE1541",-0.5,0.9218,0.9925
"GENE1542",0.139,0.6657,0.9564
"GENE1543",-0.911,0.7725,0.9704
"GENE1544",-0.394,0.6146,0.95
"GENE1545",-0.024,0.06433,0.3904
"GENE1546",-0.064,0.7482,0.9663
"GENE1547",-0.168,0.2357,0.7656
"GENE1548",0.395,0.989,0.9986
"GENE1549",-0.428,0.03302,0.2332
"GENE1550",-1.045,0.6163,0.95
"GENE1551",0.312,0.7836,0.9704
"GENE1552",0.018,0.8946,0.9915
"GENE1553",-0.043,0.1919,0.7008
"GENE1554",-0.156,0.4321,0.9078
"GENE1555",-0.675,0.4957,0.9288
"GENE1556",-0.381,0.3452,0.8536
"GENE1557",0.203,0.7288,0.9611
"GENE1558",0.008,0.7324,0.9611
"GENE1559",-0.568,0.4471,0.9119
"GENE1560",0.239,0.8209,0.9766
"GENE1561",0.315,0.1978,0.7147
"GENE1562",-0.054,0.2138,0.7366
"GENE1563",-0.007,0.5458,0.9412
"GENE1564",0.564,0.8954,0.9915
"GENE1565",0.158,0.09154,0.4948
"GENE1566",0.488,0.1942,0.7054
"GENE1567",-0.018,0.9912,0.9986
"GENE1568",0.592,0.332,0.8458
"GENE1569",-0.03,0.006283,0.05471
"GENE1570",0.367,0.5805,0.9471
"GENE1571",-0.138,0.9862,0.9986
"GENE1572",-0.431,0.5782,0.9471
"GENE1573",0.401,0.7161,0.9611
"GENE1574",0.918,0.5946,0.9471
"GENE1575",-0.13,0.2797,0.8074
"GENE1576",0.588,0.3366,0.8474
"GENE1577",-0.095,0.6083,0.9495
"GENE1578",0.369,0.2393,0.7709
"GENE1579",-0.396,0.4807,0.927
"GENE1580",0.11,0.4336,0.9078
"GENE1581",-0.305,0.9879,0.9986
"GENE1582",-0.541,0.3641,0.8613
"GENE1583",0.262,0.9864,0.9986
"GENE1584",0.644,0.6093,0.9495
"GENE1585",-0.315,0.7784,0.9704
"GENE1586",-0.354,0.526,0.9356
"GENE1587",-0.429,0.3881,0.874
"GENE1588",-0.183,0.7733,0.9704
"GENE1589",0.266,0.5603,0.9413
"GENE1590",0.285,0.2864,0.8113
"GENE1591",0.177,0.2174,0.7395
"GENE1592",0.304,0.4037,0.8847
"GENE1593",-0.188,0.1692,0.6528
"GENE1594",-0.069,0.9272,0.9941
"GENE1595",0.273,0.3804,0.8703
"GENE1596",-0.113,0.6307,0.9514
"GENE1597",-0.385,0.9371,0.9958
"GENE1598",-0.551,0.1212,0.5787
"GENE1599",1.079,0.3162,0.8391
"GENE1600",-0.68,0.7259,0.9611
"GENE1601",0.012,0.6087,0.9495
"GENE1602",0.774,0.5266,0.9356
"GENE1603",0.335,0.902,0.9915
"GENE1604",-0.074,0.1342,0.6039
"GENE1605",0.213,0.6642,0.9564
"GENE1606",0.714,0.1697,0.6528
"GENE1607",0.076,0.7012,0.9611
"GENE1608",-0.228,0.5878,0.9471
"GENE1609",0.581,0.2566,0.7962
"GENE1610",0.748,0.6312,0.9514
"GENE1611",-0.394,0.5484,0.9412
"GENE1612",0.288,0.4698,0.9209
"GENE1613",0.052,0.1619,0.6449
"GENE1614",0.281,0.4763,0.9234
"GENE1615",0.211,0.2249,0.7461
"GENE1616",-0.008,0.3533,0.8546
"GENE1617",0.175,0.1228,0.5825
"GENE1618",-0.484,0.8704,0.9912
"GENE1619",-0.562,0.329,0.8443
"GENE1620",0.288,0.8177,0.9762
"GENE1621",0.034,0.6312,0.9514
"GENE1622",-0.053,0.03779,0.2553
"GENE1623",-0.67,0.4599,0.9171
"GENE1624",-0.228,0.08829,0.4846
"GENE1625",0.077,0.1646,0.6468
"GENE1626",-0.195,0.6404,0.9533
"GENE1627",0.033,0.1652,0.6468
"GENE1628",0.154,0.1517,0.6307
"GENE1629",-0.055,0.08999,0.49
"GENE1630",0.171,0.1274,0.5921
"GENE1631",-0.097,0.6606,0.9564
"GENE1632",-0.127,0.5937,0.9471
"GENE1633",-0.102,0.608,0.9495
"GENE1634",0.256,0.4713,0.9209
"GENE1635",0.328,0.07869,0.449
"GENE1636",0.934,0.5583,0.9413
"GENE1637",-0.393,0.04629,0.2969
"GENE1638",-0.283,0.2049,0.7269
"GENE1639",0.258,0.4721,0.9213
"GENE1640",0.655,0.209,0.7343
"GENE1641",0.491,0.3226,0.8396
"GENE1642",-0.187,0.542,0.9412
"GENE1643",-0.271,0.1137,0.5643
"GENE1644",0.679,0.5074,0.933
"GENE1645",0.617,0.8509,0.9828
"GENE1646",0.086,0.4893,0.9288
"GENE1647",0.68,0.4736,0.9213
"GENE1648",-0.003,0.1987,0.7149
"GENE1649",-0.327,0.4921,0.9288
"GENE1650",-0.02,0.6138,0.95
"GENE1651",0.032,0.7309,0.9611
"GENE1652",-0.624,0.5277,0.9367
"GENE1653",-0.069,0.6629,0.9564
"GENE1654",-0.167,0.903,0.9915
"GENE1655",0.197,0.3715,0.8653
"GENE1656",-0.212,0.309,0.8341
"GENE1657",0.193,0.1283,0.5944
"GENE1658",0.215,0.8245,0.9766
"GENE1659",-0.112,0.8815,0.9915
"GENE1660",-0.017,0.1732,0.6603
"GENE1661",0.953,0.04356,0.2866
"GENE1662",0.619,0.6081,0.9495
"GENE1663",0.622,0.9161,0.9925
"GENE1664",0.023,0.1464,0.6239
"GENE1665",-0.336,0.2943,0.8153
"GENE1666",0.228,0.8277,0.9766
"GENE1667",0.026,0.981,0.9986
"GENE1668",1.434,0.6758,0.9595
"GENE1669",-0.773,0.4189,0.8982
"GENE1670",-0.081,0.3823,0.8703
"GENE1671",0.593,0.2907,0.8132
"GENE1672",-0.839,0.4445,0.9109
"GENE1673",-0.104,0.5164,0.933
"GENE1674",0.134,0.6342,0.9514
"GENE1675",-0.088,0.9061,0.9915
"GENE1676",-0.373,0.7029,0.9611
"GENE1677",-0.049,0.03518,0.245
"GENE1678",0.535,0.8924,0.9915
"GENE1679",-0.539,0.379,0.869
"GENE1680",0.566,0.3417,0.8491
"GENE1681",0.366,0.6158,0.95
"GENE1682",-0.495,0.2684,0.7987
"GENE1683",-0.6,0.5587,0.9413
"GENE1684",0.014,0.998,0.9996
"GENE1685",0.115,0.5462,0.9412
"GENE1686",0.474,0.1817,0.6783
"GENE1687",-0.015,0.3732,0.8676
"GENE1688",0.168,0.6236,0.9514
"GENE1689",0.516,0.1271,0.5921
"GENE1690",0.468,0.8563,0.9847
"GENE1691",0.33,0.9979,0.9996
"GENE1692",0.13,0.004511,0.03945
"GENE1693",0.152,0.07334,0.4344
"GENE1694",0.481,0.8959,0.9915
"GENE1695",0.441,0.8374,0.9792
"GENE1696",-0.025,0.7996,0.9737
"GENE1697",0.146,0.134,0.6039
"GENE1698",0.677,0.3187,0.8391
"GENE1699",0.589,0.02281,0.1765
"GENE1700",-0.391,0.3243,0.8396
"GENE1701",0.579,0.5599,0.9413
"GENE1702",-0.034,0.5527,0.9413
"GENE1703",-0.63,0.9825,0.9986
"GENE1704",0.517,0.9877,0.9986
"GENE1705",0.034,0.7354,0.9611
"GENE1706",0.387,0.8282,0.9766
"GENE1707",0.776,0.05075,0.3213
"GENE1708",0.432,0.2345,0.7627
"GENE1709",-0.141,0.2551,0.7962
"GENE1710",-0.054,0.2873,0.8114
"GENE1711",-0.395,0.2265,0.7461
"GENE1712",-0.329,0.293,0.8132
"GENE1713",0.196,0.1261,0.5895
"GENE1714",-0.12,0.7102,0.9611
"GENE1715",0.263,0.8479,0.9824
"GENE1716",0.333,0.9862,0.9986
"GENE1717",0.145,0.9934,0.9986
"GENE1718",-0.159,0.4473,0.9119
"GENE1719",-0.599,0.07307,0.4341
"GENE1720",0.046,0.6415,0.9533
"GENE1721",-0.415,0.7945,0.972
"GENE1722",0.258,0.6043,0.9495
"GENE1723",0.309,0.1431,0.62
"GENE1724",0.126,0.9824,0.9986
"GENE1725",-0.415,0.8631,0.9883
"GENE1726",-0.302,0.08086,0.455
"GENE1727",-0.197,0.5873,0.9471
"GENE1728",0.059,0.3548,0.8563
"GENE1729",0.943,0.3885,0.874
"GENE1730",-0.368,0.7478,0.9663
"GENE1731",-0.863,0.7612,0.9695
"GENE1732",-0.048,0.1887,0.6955
"GENE1733",-0.336,0.9865,0.9986
"GENE1734",-0.869,0.1766,0.6669
"GENE1735",-0.35,0.921,0.9925
"GENE1736",-0.149,0.9996,0.9997
"GENE1737",-0.441,0.4221,0.8993
"GENE1738",0.286,0.5809,0.9471
"GENE1739",0.363,0.775,0.9704
"GENE1740",-0.13,0.2012,0.7206
"GENE1741",-0.593,0.137,0.6054
"GENE1742",0.238,0.655,0.9559
"GENE1743",-0.342,0.6665,0.9568
"GENE1744",-0.332,0.3188,0.8391
"GENE1745",0.06,0.8316,0.9767
"GENE1746",-0.39,0.1026,0.5312
"GENE1747",-0.118,0.6769,0.9595
"GENE1748",-0.308,0.7,0.9611
"GENE1749",0.157,0.2754,0.8028
"GENE1750",-0.339,0.964,0.9986
"GENE1751",-0.338,0.482,0.9273
"GENE1752",-0.385,0.9809,0.9986
"GENE1753",0.004,0.2804,0.8074
"GENE1754",0.486,0.1433,0.62
"GENE1755",-0.356,0.6711,0.9581
"GENE1756",0.087,0.01456,0.1158
"GENE1757",-0.262,0.3782,0.869
"GENE1758",-0.435,0.9423,0.9971
"GENE1759",0.436,0.4118,0.8916
"GENE1760",-0.228,0.7157,0.9611
"GENE1761",0.648,0.2635,0.7987
"GENE1762",-0.275,0.1522,0.6307
"GENE1763",0.263,0.8571,0.9847
"GENE1764",0.444,0.1675,0.6494
"GENE1765",0.856,0.6321,0.9514
"GENE1766",-0.332,0.1198,0.5776
"GENE1767",0.031,0.1701,0.6534
"GENE1768",0.374,0.6128,0.95
"GENE1769",-0.201,0.5992,0.9471
"GENE1770",0.238,0.642,0.9533
"GENE1771",-0.172,0.2918,0.8132
"GENE1772",-0.453,0.5877,0.9471
"GENE1773",-0.895,0.5411,0.9412
"GENE1774",0.206,0.4061,0.8847
"GENE1775",-0.137,0.969,0.9986
"GENE1776",0.687,0.4062,0.8847
"GENE1777",-0.447,0.1489,0.6281
"GENE1778",-0.195,0.5963,0.9471
"GENE1779",0.323,0.5871,0.9471
"GENE1780",-0.104,0.632,0.9514
"GENE1781",0.195,0.07725,0.449
"GENE1782",0.541,0.1154,0.5671
"GENE1783",0.871,0.7311,0.9611
"GENE1784",0.021,0.9401,0.9967
"GENE1785",-0.335,0.07471,0.4387
"GENE1786",-0.434,0.07875,0.449
"GENE1787",-0.219,0.0444,0.2892
"GENE1788",-0.171,0.102,0.5296
"GENE1789",-0.484,0.7113,0.9611
"GENE1790",0.239,0.07914,0.449
"GENE1791",0.57,0.2265,0.7461
"GENE1792",-0.177,0.9758,0.9986
"GENE1793",-0.416,0.02437,0.1843
"GENE1794",-0.51,0.7013,0.9611
"GENE1795",0.308,0.09267,0.4966
"GENE1796",0.013,0.4937,0.9288
"GENE1797",-0.762,0.8589,0.9849
"GENE1798",-0.05,0.2153,0.7384
"GENE1799",0,0.5698,0.9465
"GENE1800",-0.338,0.4914,0.9288
"GENE1801",1.267,5.738e-09,1.552e-07
"GENE1802",1.728,1.136e-06,1.639e-05
"GENE1803",1.579,4.708e-11,2.378e-09
"GENE1804",1.595,2.85e-12,4.429e-10
"GENE1805",0.618,6.188e-09,1.623e-07
"GENE1806",1.91,9.079e-10,3.056e-08
"GENE1807",2.569,0.0009849,0.008962
"GENE1808",2.694,0.0002625,0.002599
"GENE1809",3.245,2.687e-08,5.837e-07
"GENE1810",2.159,0.0001269,0.001328
"GENE1811",1.369,0.0001842,0.001879
"GENE1812",2.301,1.006e-10,4.419e-09
"GENE1813",2.66,2.642e-05,0.0002964
"GENE1814",3.132,3.255e-05,0.0003613
"GENE1815",2.487,0.0003429,0.003314
"GENE1816",2.851,7.083e-09,1.834e-07
"GENE1817",2.264,1.6e-09,5.214e-08
"GENE1818",1.233,2.348e-06,3.141e-05
"GENE1819",1.483,1.26e-12,4.429e-10
"GENE1820",3.132,1.697e-07,3.033e-06
"GENE1821",2.422,6.601e-10,2.339e-08
"GENE1822",1.599,9.184e-09,2.319e-07
"GENE1823",1.577,1.738e-12,4.429e-10
"GENE1824",1.448,2.476e-11,1.471e-09
"GENE1825",2.089,2.119e-07,3.658e-06
"GENE1826",1.85,1.91e-08,4.287e-07
"GENE1827",1.435,2.191e-06,2.971e-05
"GENE1828",2.729,1.524e-08,3.539e-07
"GENE1829",2.011,8.773e-11,4.027e-09
"GENE1830",2.455,7.27e-11,3.497e-09
"GENE1831",1.772,0.000113,0.001195
"GENE1832",2.105,1.473e-08,3.461e-07
"GENE1833",2.62,0.0001464,0.001509
"GENE1834",2.405,1.693e-08,3.843e-07
"GENE1835",2.565,0.0009694,0.008861
"GENE1836",0.904,5.67e-08,1.169e-06
"GENE1837",2.106,0.0007636,0.007043
"GENE1838",1.885,3.741e-07,6.145e-06
"GENE1839",1.61,1.086e-06,1.578e-05
"GENE1840",1.664,2.693e-12,4.429e-10
"GENE1841",3.005,1.131e-08,2.689e-07
"GENE1842",2.258,1.164e-05,0.0001425
"GENE1843",1.913,5.388e-07,8.438e-06
"GENE1844",2.563,5.44e-06,6.955e-05
"GENE1845",1.673,0.0005541,0.005231
"GENE1846",2.083,0.0006368,0.005955
"GENE1847",2.868,7.618e-05,0.0008142
"GENE1848",1.8,0.0001857,0.001885
"GENE1849",1.521,1.161e-05,0.0001425
"GENE1850",1.671,5.662e-06,7.193e-05
"GENE1851",1.37,4.55e-11,2.378e-09
"GENE1852",2.152,1.265e-10,5.324e-09
"GENE1853",2.197,2.42e-09,7.522e-08
"GENE1854",2.513,3.168e-07,5.289e-06
"GENE1855",3.081,1.455e-05,0.0001729
"GENE1856",2.843,7.82e-08,1.534e-06
"GENE1857",1.25,0.000332,0.003225
"GENE1858",3.199,5.8e-07,8.876e-06
"GENE1859",2.084,1.244e-07,2.327e-06
"GENE1860",1.768,1.508e-05,0.0001781
"GENE1861",3.113,0.0004566,0.00433
"GENE1862",2.257,9.255e-08,1.781e-06
"GENE1863",3.038,5.348e-06,6.881e-05
"GENE1864",1.974,7.996e-08,1.553e-06
"GENE1865",1.561,3.877e-07,6.316e-06
"GENE1866",0.82,1.774e-11,1.12e-09
"GENE1867",2.676,9.926e-12,7.426e-10
"GENE1868",1.467,3.093e-10,1.179e-08
"GENE1869",2.523,4.639e-11,2.378e-09
"GENE1870",2.072,4.198e-09,1.212e-07
"GENE1871",2.283,5.928e-09,1.576e-07
"GENE1872",2.76,2.983e-06,3.964e-05
"GENE1873",1.709,1.86e-07,3.239e-06
"GENE1874",1.723,0.0002544,0.002532
"GENE1875",1.861,1.531e-06,2.146e-05
"GENE1876",2.636,4.909e-10,1.771e-08
"GENE1877",1.715,2.898e-10,1.148e-08
"GENE1878",1.895,0.0001423,0.001474
"GENE1879",2.478,0.0001842,0.001879
"GENE1880",2.467,1.28e-05,0.0001548
"GENE1881",2.478,5.566e-07,8.582e-06
"GENE1882",2.029,7.093e-08,1.405e-06
"GENE1883",2.458,9.602e-12,7.426e-10
"GENE1884",2.172,4.107e-12,5.185e-10
"GENE1885",1.62,1.343e-05,0.0001615
"GENE1886",3.083,6.516e-12,7.422e-10
"GENE1887",0.882,0.0002687,0.002634
"GENE1888",2.507,1.54e-06,2.146e-05
"GENE1889",2.205,3.138e-08,6.744e-07
"GENE1890",2.014,3.421e-12,4.796e-10
"GENE1891",1.633,2.854e-09,8.485e-08
"GENE1892",1.844,1.172e-12,4.429e-10
"GENE1893",3.083,2.486e-12,4.429e-10
"GENE1894",1.942,1.813e-07,3.213e-06
"GENE1895",1.769,2.298e-05,0.0002608
"GENE1896",1.473,5.761e-09,1.552e-07
"GENE1897",1.703,2.027e-06,2.786e-05
"GENE1898",1.949,2.042e-08,4.532e-07
"GENE1899",1.185,9.276e-12,7.426e-10
"GENE1900",2.686,1.388e-11,9.669e-10
"GENE1901",2.059,2.822e-07,4.775e-06
"GENE1902",2.879,0.0003929,0.003761
"GENE1903",2.594,2.656e-09,8.13e-08
"GENE1904",2.849,1.444e-06,2.055e-05
"GENE1905",1.198,7.441e-10,2.548e-08
"GENE1906",2.348,3.631e-07,6.012e-06
"GENE1907",1.783,7.811e-12,7.422e-10
"GENE1908",1.972,9.17e-12,7.426e-10
"GENE1909",1.64,4.132e-11,2.256e-09
"GENE1910",2.129,2.994e-10,1.163e-08
"GENE1911",2.056,4.437e-08,9.336e-07
"GENE1912",0.728,2.937e-05,0.0003278
"GENE1913",2.511,0.0001294,0.001347
"GENE1914",2.093,4.483e-07,7.13e-06
"GENE1915",1.417,6.087e-08,1.242e-06
"GENE1916",1.339,2.848e-12,4.429e-10
"GENE1917",1.586,1.167e-10,5.016e-09
"GENE1918",1.05,1.767e-06,2.445e-05
"GENE1919",2.083,8.083e-12,7.422e-10
"GENE1920",2.901,5.683e-09,1.552e-07
"GENE1921",-1.884,1.892e-10,7.798e-09
"GENE1922",-1.684,2.046e-12,4.429e-10
"GENE1923",-2.89,0.0002659,0.00262
"GENE1924",-2.924,1.772e-09,5.683e-08
"GENE1925",-2.538,1.117e-08,2.686e-07
"GENE1926",-1.567,9.573e-09,2.387e-07
"GENE1927",-2.531,6.91e-05,0.0007501
"GENE1928",-1.665,5.03e-05,0.0005552
"GENE1929",-2.131,1.417e-06,2.029e-05
"GENE1930",-1.77,6.806e-10,2.371e-08
"GENE1931",-2.623,5.97e-05,0.0006555
"GENE1932",-2.569,8.831e-12,7.426e-10
"GENE1933",-2.062,2.482e-12,4.429e-10
"GENE1934",-2.125,7.341e-09,1.877e-07
"GENE1935",-3.073,1.436e-07,2.638e-06
"GENE1936",-1.678,2.244e-07,3.841e-06
"GENE1937",-3.17,1.915e-12,4.429e-10
"GENE1938",-2.249,4.851e-06,6.282e-05
"GENE1939",-1.967,0.0004298,0.004095
"GENE1940",-2.421,1.286e-07,2.383e-06
"GENE1941",-2.842,1.122e-05,0.000139
"GENE1942",-2.239,2.11e-11,1.292e-09
"GENE1943",-2.066,8.3e-11,3.899e-09
"GENE1944",-2.554,1.055e-08,2.6e-07
"GENE1945",-2.814,2.111e-06,2.882e-05
"GENE1946",-2.717,7.354e-12,7.422e-10
"GENE1947",-2.317,1.628e-12,4.429e-10
"GENE1948",-2.272,3.993e-11,2.24e-09
"GENE1949",-1.148,4.837e-06,6.282e-05
"GENE1950",-2.771,9.352e-07,1.389e-05
"GENE1951",-1.771,0.0007252,0.00672
"GENE1952",-2.25,3.991e-06,5.234e-05
"GENE1953",-1.944,6.76e-08,1.366e-06
"GENE1954",-2.398,3.87e-09,1.133e-07
"GENE1955",-1.518,7.766e-07,1.179e-05
"GENE1956",-3.022,9.808e-10,3.248e-08
"GENE1957",-1.908,9.887e-08,1.884e-06
"GENE1958",-1.984,6.944e-05,0.0007501
"GENE1959",-1.366,1.445e-05,0.0001727
"GENE1960",-2.135,1.907e-05,0.0002214
"GENE1961",-1.702,6.051e-06,7.592e-05
"GENE1962",-1.76,1.688e-08,3.843e-07
"GENE1963",-2.388,1.186e-05,0.0001444
"GENE1964",-2.05,0.0005853,0.005499
"GENE1965",-2.08,8.356e-07,1.26e-05
"GENE1966",-1.328,2.836e-07,4.775e-06
"GENE1967",-1.856,7.445e-05,8e-04
"GENE1968",-1.826,3.804e-11,2.196e-09
"GENE1969",-0.594,1.55e-11,1.028e-09
"GENE1970",-1.75,2.209e-05,0.0002521
"GENE1971",-1.783,1.967e-05,0.0002258
"GENE1972",-1.681,2.347e-06,3.141e-05
"GENE1973",-1.071,8.008e-12,7.422e-10
"GENE1974",-1.423,7.709e-12,7.422e-10
"GENE1975",-1.797,0.0002206,0.002217
"GENE1976",-2.367,8.885e-07,1.33e-05
"GENE1977",-1.786,6.287e-11,3.098e-09
"GENE1978",-1.915,8.103e-06,0.000101
"GENE1979",-3.102,3.478e-06,4.592e-05
"GENE1980",-2.925,0.0001042,0.001108
"GENE1981",-3.077,1.069e-08,2.602e-07
"GENE1982",-1.151,2e-10,8.078e-09
"GENE1983",-1.629,1.002e-10,4.419e-09
"GENE1984",-3.41,5.457e-07,8.479e-06
"GENE1985",-1.72,2.422e-05,0.0002733
"GENE1986",-1.962,2.856e-09,8.485e-08
"GENE1987",-2.154,4.525e-09,1.287e-07
"GENE1988",-2.447,4.43e-07,7.102e-06
"GENE1989",-2.761,4.575e-08,9.528e-07
"GENE1990",-1.482,2.403e-08,5.277e-07
"GENE1991",-2.346,6.531e-05,0.0007132
"GENE1992",-2.079,3.88e-10,1.425e-08
"GENE1993",-1.648,3.456e-10,1.293e-08
"GENE1994",-1.679,0.0001206,0.001268
"GENE1995",-2.236,0.0008015,0.00736
"GENE1996",-2.324,0.0002228,0.002228
"GENE1997",-1.844,3.562e-12,4.796e-10
"GENE1998",-2.707,9.575e-07,1.412e-05
"GENE1999",-1.816,1.102e-11,7.948e-10
"GENE2000",-1.896,5.8e-06,7.322e-05
"GENE2001",-1.85,1.657e-07,2.988e-06
"GENE2002",-2.167,1.577e-11,1.028e-09
"GENE2003",-3.035,1.012e-06,1.481e-05
"GENE2004",-3.204,3.669e-08,7.801e-07
"GENE2005",-2.775,1.9e-09,5.998e-08
"GENE2006",-1.78,0.0003265,0.003187
"GENE2007",-2.091,1.502e-06,2.122e-05
"GENE2008",-2.44,0.0001996,0.002016
"GENE2009",-2.469,1.573e-07,2.863e-06
"GENE2010",-1.669,3.952e-07,6.386e-06
"GENE2011",-2.967,4.81e-09,1.349e-07
"GENE2012",-1.551,1.41e-12,4.429e-10
"GENE2013",-1.73,6.908e-08,1.382e-06
"GENE2014",-2.522,1.855e-07,3.239e-06
"GENE2015",-2.059,2.469e-12,4.429e-10
"GENE2016",-1.464,1.589e-05,0.0001866
"GENE2017",-1.189,4.822e-07,7.61e-06
"GENE2018",-1.107,1.033e-07,1.95e-06
"GENE2019",-1.777,1.922e-05,0.0002218
"GENE2020",-2.129,1.666e-05,0.0001945
